1.62E-05,4.36E-11,2.62E-17,0,0,0
0.000860608,1.23E-07,3.94E-12,0,0,0
0.001057472,1.86E-07,7.31E-12,0,0,0
0.001652637,4.56E-07,2.79E-11,0,0,0
0.002423717,9.80E-07,8.81E-11,0,0,0
0.002703329,1.22E-06,1.22E-10,0,0,0
0.004502575,3.39E-06,5.66E-10,0,0,0
0.00547413,5.01E-06,1.02E-09,0,0,0
0.006509691,7.09E-06,1.71E-09,0,0,0
0.007463286,9.32E-06,2.59E-09,0,0,0
0.008252442,1.14E-05,3.50E-09,0,0,0
0.008263222,1.14E-05,3.51E-09,0,0,0
0.008636335,1.25E-05,4.01E-09,0,0,0
0.009513162,1.52E-05,5.37E-09,0,0,0
0.009661191,1.56E-05,5.62E-09,0,0,0
0.010560223,1.87E-05,7.35E-09,0,0,0
0.010639196,1.90E-05,7.51E-09,0,0,0
0.011024158,2.04E-05,8.36E-09,0,0,0
0.013005262,2.84E-05,1.38E-08,0,0,0
0.013619612,3.11E-05,1.58E-08,0,0,0
0.013969929,3.28E-05,1.71E-08,0,0,0
0.015030246,3.79E-05,2.13E-08,0,0,0
0.016955236,4.83E-05,3.06E-08,0,0,0
0.020302982,6.94E-05,5.27E-08,0,0,0
0.021553564,7.83E-05,6.32E-08,0,0,0
0.022171583,8.29E-05,6.88E-08,0,0,0
0.024090767,9.79E-05,8.84E-08,0,0,0
0.024813188,0.000103909,9.67E-08,0,0,0
0.025742028,0.000111887,1.08E-07,0,0,0
0.030589092,0.000158381,1.82E-07,0,0,0
0.030889036,0.000161527,1.88E-07,0,0,0
0.032844593,0.00018281,2.26E-07,0,0,0
0.033290558,0.000187851,2.36E-07,0,0,0
0.033422492,0.000189355,2.38E-07,0,0,0
0.034444517,0.000201219,2.61E-07,0,0,0
0.035107681,0.000209113,2.77E-07,0,0,0
0.035755199,0.00021697,2.93E-07,0,0,0
0.03640328,0.000224981,3.09E-07,0,0,0
0.036501306,0.000226206,3.12E-07,0,0,0
0.036860846,0.000230727,3.21E-07,0,0,0
0.038546259,0.000252527,3.68E-07,0,0,0
0.039102847,0.000259947,3.84E-07,0,0,0
0.039169607,0.000260845,3.86E-07,0,0,0
0.039323625,0.000262921,3.91E-07,0,0,0
0.041491005,0.00029303,4.60E-07,0,0,0
0.041579125,0.000294289,4.63E-07,0,0,0
0.041703826,0.000296076,4.67E-07,0,0,0
0.044747635,0.000341409,5.79E-07,0,0,0
0.044925075,0.000344154,5.86E-07,0,0,0
0.046115924,0.000362865,6.35E-07,0,0,0
0.046866547,0.000374919,6.67E-07,0,0,0
0.047043546,0.000377791,6.74E-07,0,0,0
0.050635321,0.000438499,8.44E-07,0,0,0
0.052128885,0.00046511,9.22E-07,0,0,0
0.055134409,0.000521105,1.09E-06,0,0,0
0.056057578,0.000538961,1.15E-06,0,0,0
0.05724556,0.000562396,1.23E-06,0,0,0
0.058017002,0.000577889,1.28E-06,0,0,0
0.05905826,0.000599145,1.35E-06,0,0,0
0.059130411,0.000600632,1.36E-06,0,0,0
0.060065534,0.000620084,1.42E-06,0,0,0
0.060293501,0.000624874,1.44E-06,0,0,0
0.060531584,0.000629897,1.46E-06,0,0,0
0.063556433,0.000695527,1.69E-06,0,0,0
0.064833576,0.000724247,1.80E-06,0,0,0
0.066052224,0.000752212,1.90E-06,0,0,0
0.066227698,0.000756284,1.92E-06,0,0,0
0.066979008,0.000773847,1.99E-06,0,0,0
0.067062224,0.000775805,1.99E-06,0,0,0
0.067660954,0.000789968,2.05E-06,0,0,0
0.067701871,0.000790941,2.05E-06,0,0,0
0.067822255,0.000793807,2.06E-06,0,0,0
0.067866903,0.000794871,2.07E-06,0,0,0
0.067918056,0.000796091,2.07E-06,0,0,0
0.068459509,0.000809066,2.12E-06,0,0,0
0.068571604,0.000811766,2.14E-06,0,0,0
0.068811673,0.000817563,2.16E-06,0,0,0
0.069478458,0.000833778,2.22E-06,0,0,0
0.070168207,0.000850725,2.29E-06,0,0,0
0.070611592,0.000861712,2.34E-06,0,0,0
0.070737725,0.000864851,2.35E-06,0,0,0
0.071253822,0.000877756,2.40E-06,0,0,0
0.071665613,0.000888124,2.45E-06,0,0,0
0.072127849,0.000899838,2.49E-06,0,0,0
0.072403458,0.00090686,2.52E-06,0,0,0
0.072703621,0.00091454,2.56E-06,0,0,0
0.075022812,0.000975014,2.82E-06,0,0,0
0.075729479,0.000993841,2.90E-06,0,0,0
0.076813638,0.00102309,3.03E-06,0,0,0
0.077170919,0.001032825,3.07E-06,0,0,0
0.077835894,0.001051073,3.15E-06,0,0,0
0.078665987,0.001074085,3.26E-06,0,0,0
0.078907374,0.001080826,3.29E-06,0,0,0
0.079015788,0.00108386,3.30E-06,0,0,0
0.080506159,0.001126026,3.50E-06,0,0,0
0.080839471,0.001135571,3.55E-06,0,0,0
0.080941881,0.001138512,3.56E-06,0,0,0
0.081014928,0.001140612,3.57E-06,0,0,0
0.081290579,0.001148556,3.61E-06,0,0,0
0.082819059,0.001193127,3.82E-06,0,0,0
0.083266377,0.001206338,3.88E-06,0,0,0
0.08419043,0.00123387,4.02E-06,0,0,0
0.084467887,0.0012422,4.06E-06,0,0,0
0.084850934,0.001253749,4.12E-06,0,0,0
0.086795087,0.001313226,4.42E-06,0,0,0
0.087308116,0.001329162,4.50E-06,0,0,0
0.088875069,0.001378457,4.75E-06,0,0,0
0.089259326,0.001390689,4.82E-06,0,0,0
0.090921978,0.00144427,5.10E-06,0,0,0
0.091506534,0.001463361,5.20E-06,0,0,0
0.093443517,0.00152756,5.55E-06,0,0,0
0.093987558,0.001545852,5.65E-06,0,0,0
0.094242895,0.001554476,5.70E-06,0,0,0
0.094780656,0.001572723,5.80E-06,0,0,0
0.095935357,0.00161228,6.02E-06,0,0,0
0.097133636,0.001653878,6.26E-06,0,0,0
0.09735683,0.001661687,6.30E-06,0,0,0
0.097811473,0.001677656,6.40E-06,0,0,0
0.098263537,0.001693613,6.49E-06,0,0,0
0.098465877,0.001700781,6.53E-06,0,0,0
0.098718518,0.001709753,6.58E-06,0,0,0
0.098936436,0.001717512,6.63E-06,0,0,0
0.099462721,0.001736328,6.74E-06,0,0,0
0.102089767,0.001831866,7.31E-06,0,0,0
0.102124087,0.001833132,7.31E-06,0,0,0
0.102409486,0.001843677,7.38E-06,0,0,0
0.103998862,0.00190299,7.74E-06,0,0,0
0.105046566,0.001942631,7.98E-06,0,0,0
0.105283687,0.001951663,8.04E-06,0,0,0
0.105522509,0.001960782,8.10E-06,0,0,0
0.105554104,0.00196199,8.11E-06,0,0,0
0.106456285,0.001996652,8.32E-06,0,0,0
0.107093315,0.00202132,8.48E-06,0,0,0
0.107651872,0.002043082,8.62E-06,0,0,0
0.108728938,0.002085393,8.89E-06,0,0,0
0.108822683,0.002089097,8.91E-06,0,0,0
0.109219523,0.002104817,9.02E-06,0,0,0
0.110884835,0.002171466,9.45E-06,0,0,0
0.111143736,0.002181927,9.52E-06,0,0,0
0.113656661,0.002284847,1.02E-05,0,0,0
0.114526339,0.002321053,1.05E-05,0,0,0
0.115097051,0.002344977,1.06E-05,0,0,0
0.115636101,0.002367693,1.08E-05,0,0,0
0.115687276,0.002369856,1.08E-05,0,0,0
0.116316904,0.00239655,1.10E-05,0,0,0
0.116387697,0.002399562,1.10E-05,0,0,0
0.116928557,0.002422635,1.12E-05,0,0,0
0.117178928,0.002433355,1.12E-05,0,0,0
0.118753978,0.002501375,1.17E-05,0,0,0
0.119195019,0.002520601,1.18E-05,0,0,0
0.119408738,0.002529946,1.19E-05,0,0,0
0.120980702,0.002599245,1.24E-05,0,0,0
0.121198231,0.002608913,1.25E-05,0,0,0
0.121719232,0.002632148,1.27E-05,0,0,0
0.122656809,0.002674237,1.30E-05,0,0,0
0.122713755,0.002676804,1.30E-05,0,0,0
0.123013198,0.002690329,1.31E-05,0,0,0
0.123507475,0.002712733,1.32E-05,0,0,0
0.123733144,0.002722994,1.33E-05,0,0,0
0.125781827,0.002817101,1.40E-05,0,0,0
0.126153434,0.002834354,1.42E-05,0,0,0
0.126307266,0.002841513,1.42E-05,0,0,0
0.127544141,0.002899423,1.46E-05,0,0,0
0.127697911,0.002906666,1.47E-05,0,0,0
0.128822271,0.002959922,1.51E-05,0,0,0
0.129513411,0.002992915,1.54E-05,0,0,0
0.131374398,0.00308273,1.61E-05,0,0,0
0.131404239,0.003084182,1.61E-05,0,0,0
0.131525052,0.003090063,1.61E-05,0,0,0
0.132118881,0.00311906,1.64E-05,0,0,0
0.132569958,0.003141183,1.65E-05,0,0,0
0.132607016,0.003143004,1.66E-05,0,0,0
0.132786548,0.003151835,1.66E-05,0,0,0
0.134755827,0.003249578,1.74E-05,0,0,0
0.138797015,0.003455197,1.91E-05,0,0,0
0.139183846,0.003475235,1.93E-05,0,0,0
0.140670754,0.003552843,1.99E-05,0,0,0
0.14548141,0.003810282,2.22E-05,0,0,0
0.145504424,0.003811537,2.22E-05,0,0,0
0.147555284,0.003924273,2.32E-05,0,0,0
0.148018544,0.003949984,2.34E-05,0,0,0
0.14930245,0.00402172,2.41E-05,0,0,0
0.149465266,0.004030867,2.42E-05,0,0,0
0.14974922,0.004046846,2.43E-05,0,0,0
0.149758186,0.004047351,2.43E-05,0,0,0
0.153043381,0.004234736,2.60E-05,0,0,0
0.153201275,0.004243858,2.61E-05,0,0,0
0.153536949,0.004263286,2.63E-05,0,0,0
0.154140192,0.004298323,2.66E-05,0,0,0
0.1556428,0.004386275,2.75E-05,0,0,0
0.155810587,0.004396156,2.76E-05,0,0,0
0.156020297,0.004408523,2.77E-05,0,0,0
0.156258936,0.004422619,2.78E-05,0,0,0
0.156274,0.00442351,2.78E-05,0,0,0
0.156421293,0.004432223,2.79E-05,0,0,0
0.156746048,0.004451468,2.81E-05,0,0,0
0.156769373,0.004452852,2.81E-05,0,0,0
0.157638846,0.004504609,2.86E-05,0,0,0
0.158196775,0.004537993,2.89E-05,0,0,0
0.159115397,0.004593251,2.95E-05,0,0,0
0.160321313,0.004666346,3.02E-05,0,0,0
0.16039155,0.004670622,3.02E-05,0,0,0
0.160718608,0.004690565,3.04E-05,0,0,0
0.162896789,0.004824565,3.18E-05,0,0,0
0.163312338,0.004850364,3.20E-05,0,0,0
0.16422188,0.004907094,3.26E-05,0,0,0
0.164374704,0.004916662,3.27E-05,0,0,0
0.165936403,0.005015015,3.37E-05,0,0,0
0.168443254,0.005175127,3.53E-05,0,0,0
0.168977911,0.005209633,3.57E-05,0,0,0
0.171979643,0.005405698,3.78E-05,0,0,0
0.173275605,0.005491578,3.87E-05,0,0,0
0.174789919,0.005592872,3.98E-05,0,0,0
0.175282888,0.005626067,4.01E-05,0,0,0
0.175442999,0.005636872,4.03E-05,0,0,0
0.176148361,0.005684608,4.08E-05,0,0,0
0.17700603,0.00574295,4.14E-05,0,0,0
0.177070728,0.005747364,4.15E-05,0,0,0
0.177637677,0.005786127,4.19E-05,0,0,0
0.178830838,0.005868174,4.28E-05,0,0,0
0.179123598,0.005888403,4.30E-05,0,0,0
0.179844539,0.005938382,4.36E-05,0,0,0
0.182987466,0.006158996,4.61E-05,0,0,0
0.184285047,0.006251378,4.71E-05,0,0,0
0.184371799,0.006257581,4.72E-05,0,0,0
0.184532664,0.006269093,4.73E-05,0,0,0
0.186552634,0.00641465,4.90E-05,0,0,0
0.186940289,0.006442796,4.94E-05,0,0,0
0.187737645,0.006500904,5.00E-05,0,0,0
0.187981331,0.00651872,5.03E-05,0,0,0
0.188836971,0.006581492,5.10E-05,0,0,0
0.189368377,0.006620646,5.15E-05,0,0,0
0.189925294,0.006661818,5.19E-05,0,0,0
0.190110422,0.006675535,5.21E-05,0,0,0
0.191155154,0.006753242,5.30E-05,0,0,0
0.194800526,0.007028309,5.64E-05,0,0,0
0.19526119,0.007063505,5.68E-05,0,0,0
0.195299487,0.007066435,5.68E-05,0,0,0
0.195513715,0.00708284,5.70E-05,0,0,0
0.19569488,0.007096729,5.72E-05,0,0,0
0.196238938,0.007138532,5.77E-05,0,0,0
0.197723852,0.007253323,5.92E-05,0,0,0
0.197829547,0.007261533,5.93E-05,0,0,0
0.197872957,0.007264906,5.93E-05,0,0,0
0.198047417,0.007278472,5.95E-05,0,0,0
0.199016377,0.007354074,6.04E-05,0,0,0
0.199968179,0.007428764,6.14E-05,0,0,0
0.200284978,0.007453717,6.17E-05,0,0,0
0.200285962,0.007453794,6.17E-05,0,0,0
0.200633715,0.00748124,6.20E-05,0,0,0
0.200721672,0.007488191,6.21E-05,0,0,0
0.200989097,0.007509346,6.24E-05,0,0,0
0.202189314,0.007604703,6.36E-05,0,0,0
0.202240868,0.007608814,6.36E-05,0,0,0
0.202287992,0.007612573,6.37E-05,0,0,0
0.202982915,0.007668125,6.44E-05,0,0,0
0.203463185,0.00770665,6.49E-05,0,0,0
0.203760484,0.007730552,6.52E-05,0,0,0
0.205649537,0.007883397,6.72E-05,0,0,0
0.207393488,0.008025995,6.91E-05,0,0,0
0.207435163,0.00802942,6.91E-05,0,0,0
0.207705089,0.008051625,6.94E-05,0,0,0
0.207793257,0.008058885,6.95E-05,0,0,0
0.209206022,0.008175724,7.10E-05,0,0,0
0.209552607,0.008204532,7.14E-05,0,0,0
0.211652717,0.008380313,7.38E-05,0,0,0
0.211971567,0.008407184,7.41E-05,0,0,0
0.21226756,0.008432173,7.45E-05,0,0,0
0.212774457,0.008475064,7.51E-05,0,0,0
0.213379694,0.008526437,7.58E-05,0,0,0
0.21426495,0.008601893,7.68E-05,0,0,0
0.214268987,0.008602238,7.68E-05,0,0,0
0.215515785,0.00870915,7.83E-05,0,0,0
0.216067585,0.008756705,7.89E-05,0,0,0
0.216972647,0.00883502,8.00E-05,0,0,0
0.217720684,0.008900047,8.09E-05,0,0,0
0.220701991,0.009161893,8.46E-05,0,0,0
0.220800183,0.00917059,8.47E-05,0,0,0
0.2209814,0.009186654,8.49E-05,0,0,0
0.221012461,0.009189409,8.50E-05,0,0,0
0.222486905,0.009320722,8.68E-05,0,0,0
0.222877363,0.009355673,8.73E-05,0,0,0
0.223263189,0.009390282,8.78E-05,0,0,0
0.22414515,0.009469669,8.90E-05,0,0,0
0.225234185,0.009568218,9.04E-05,0,0,0
0.225571454,0.009598856,9.08E-05,0,0,0
0.226502758,0.009683746,9.21E-05,0,0,0
0.226510435,0.009684447,9.21E-05,0,0,0
0.226801331,0.009711051,9.25E-05,0,0,0
0.227085742,0.009737102,9.28E-05,0,0,0
0.227443911,0.009769965,9.33E-05,0,0,0
0.227616468,0.009785821,9.36E-05,0,0,0
0.228554747,0.00987229,9.48E-05,0,0,0
0.229455686,0.009955726,9.61E-05,0,0,0
0.229772065,0.009985121,9.65E-05,0,0,0
0.2316851,0.010163915,9.91E-05,0,0,0
0.232271652,0.010219098,1.00E-04,0,0,0
0.234898255,0.010468304,0.00010374,0,0,0
0.235435493,0.010519699,0.000104523,0,0,0
0.235807196,0.010555342,0.000105067,0,0,0
0.239081603,0.01087232,0.000109948,0,0,0
0.239098115,0.010873932,0.000109973,0,0,0
0.239244741,0.010888253,0.000110195,0,0,0
0.239382938,0.010901761,0.000110405,0,0,0
0.240111142,0.010973096,0.000111516,0,0,0
0.240691119,0.011030102,0.000112406,0,0,0
0.241377951,0.01109783,0.000113468,0,0,0
0.241876428,0.011147133,0.000114243,0,0,0
0.242913152,0.011250077,0.000115867,0,0,0
0.243907734,0.011349347,0.00011744,0,0,0
0.24456817,0.011415544,0.000118494,0,0,0
0.245542066,0.011513563,0.00012006,0,0,0
0.245759925,0.011535556,0.000120413,0,0,0
0.24620532,0.011580594,0.000121136,0,0,0
0.246241328,0.011584239,0.000121194,0,0,0
0.247211658,0.011682726,0.000122781,0,0,0
0.24830492,0.011794267,0.000124587,0,0,0
0.248476872,0.011811866,0.000124872,0,0,0
0.248561798,0.011820563,0.000125014,0,0,0
0.249306737,0.011897015,0.000126258,0,0,0
0.249923218,0.011960498,0.000127295,0,0,0
0.250988664,0.012070675,0.000129102,0,0,0
0.251312162,0.012104243,0.000129654,0,0,0
0.252205477,0.012197219,0.000131188,0,0,0
0.253337571,0.012315639,0.000133151,0,0,0
0.25396695,0.012381761,0.000134252,0,0,0
0.254789922,0.01246853,0.000135701,0,0,0
0.256412491,0.012640634,0.000138592,0,0,0
0.257282024,0.012733428,0.00014016,0,0,0
0.257387784,0.012744742,0.000140351,0,0,0
0.257544355,0.012761501,0.000140635,0,0,0
0.258154918,0.012826978,0.000141747,0,0,0
0.259469786,0.012968645,0.000144162,0,0,0
0.259846961,0.01300945,0.000144861,0,0,0
0.26057354,0.013088266,0.000146213,0,0,0
0.261061351,0.013141337,0.000147127,0,0,0
0.262864055,0.013338545,0.000150538,0,0,0
0.262948982,0.013347878,0.0001507,0,0,0
0.26301865,0.013355537,0.000150833,0,0,0
0.263173126,0.013372528,0.000151129,0,0,0
0.264374625,0.013505115,0.000153441,0,0,0
0.264859263,0.013558812,0.000154382,0,0,0
0.265075152,0.013582771,0.000154802,0,0,0
0.265658026,0.013647583,0.00015594,0,0,0
0.265702527,0.013652539,0.000156028,0,0,0
0.267019432,0.013799666,0.000158624,0,0,0
0.267609741,0.013865916,0.000159798,0,0,0
0.268323129,0.013946226,0.000161226,0,0,0
0.269040979,0.014027312,0.000162672,0,0,0
0.270518201,0.014195042,0.000165677,0,0,0
0.270659475,0.014211144,0.000165967,0,0,0
0.271335439,0.014288336,0.000167358,0,0,0
0.271720584,0.014332428,0.000168154,0,0,0
0.272237239,0.0143917,0.000169227,0,0,0
0.273234329,0.014506496,0.000171311,0,0,0
0.276031293,0.014831373,0.00017726,0,0,0
0.276236604,0.014855387,0.000177702,0,0,0
0.278349074,0.015103802,0.000182304,0,0,0
0.27859309,0.015132653,0.000182842,0,0,0
0.278823099,0.015159878,0.000183349,0,0,0
0.279309767,0.015217577,0.000184426,0,0,0
0.280389602,0.015346064,0.000186833,0,0,0
0.280575193,0.015368211,0.000187249,0,0,0
0.282481665,0.015596809,0.000191563,0,0,0
0.284608522,0.015854189,0.000196462,0,0,0
0.284799189,0.015877384,0.000196905,0,0,0
0.284799714,0.015877448,0.000196906,0,0,0
0.285271944,0.015934982,0.000198009,0,0,0
0.285951427,0.016017984,0.000199602,0,0,0
0.286075939,0.016033221,0.000199896,0,0,0
0.286495527,0.016084632,0.000200886,0,0,0
0.286874332,0.016131129,0.000201783,0,0,0
0.28806444,0.016277731,0.00020462,0,0,0
0.288404535,0.016319769,0.000205437,0,0,0
0.288495845,0.016331067,0.000205656,0,0,0
0.288576006,0.016340989,0.000205849,0,0,0
0.290269589,0.01655145,0.000209957,0,0,0
0.290291833,0.016554225,0.000210011,0,0,0
0.290721849,0.016607923,0.000211064,0,0,0
0.291477185,0.016702496,0.000212923,0,0,0
0.291962494,0.016763428,0.000214123,0,0,0
0.292646963,0.01684959,0.000215826,0,0,0
0.294174906,0.017042878,0.000219662,0,0,0
0.294878088,0.017132273,0.000221444,0,0,0
0.2961127,0.017289904,0.0002246,0,0,0
0.296310106,0.017315188,0.000225108,0,0,0
0.297286161,0.017440527,0.000227631,0,0,0
0.298678995,0.017620321,0.000231268,0,0,0
0.298696458,0.017622582,0.000231314,0,0,0
0.299182336,0.017685565,0.000232593,0,0,0
0.300491286,0.017855912,0.000236065,0,0,0
0.30069576,0.01788261,0.000236611,0,0,0
0.301831169,0.018031296,0.00023966,0,0,0
0.302365309,0.018101499,0.000241104,0,0,0
0.303372623,0.018234337,0.000243846,0,0,0
0.303406398,0.018238801,0.000243938,0,0,0
0.303464758,0.018246516,0.000244098,0,0,0
0.305669208,0.018539377,0.000250184,0,0,0
0.306426709,0.018640657,0.000252302,0,0,0
0.307755709,0.018819151,0.000256049,0,0,0
0.308862303,0.018968556,0.000259202,0,0,0
0.309182995,0.019011986,0.000260121,0,0,0
0.311194835,0.019285811,0.000265943,0,0,0
0.311688941,0.019353424,0.000267387,0,0,0
0.311741611,0.019360639,0.000267542,0,0,0
0.314588204,0.019753034,0.000275984,0,0,0
0.315693207,0.01990664,0.000279315,0,0,0
0.317033002,0.020093849,0.000283395,0,0,0
0.317693134,0.02018648,0.000285421,0,0,0
0.318497308,0.020299672,0.000287905,0,0,0
0.318802006,0.020342661,0.00028885,0,0,0
0.318987219,0.020368818,0.000289426,0,0,0
0.319425147,0.020430748,0.000290791,0,0,0
0.322206816,0.020826787,0.000299574,0,0,0
0.322310601,0.020841653,0.000299905,0,0,0
0.322833154,0.0209166,0.000301579,0,0,0
0.323350374,0.020990943,0.000303242,0,0,0
0.324525899,0.021160505,0.000307049,0,0,0
0.324610763,0.021172779,0.000307325,0,0,0
0.324985534,0.021227031,0.000308547,0,0,0
0.325726508,0.021334545,0.000310974,0,0,0
0.326637307,0.021467153,0.000313977,0,0,0
0.327415795,0.021580895,0.000316561,0,0,0
0.327971268,0.021662278,0.000318415,0,0,0
0.328498452,0.021739688,0.000320181,0,0,0
0.329481901,0.021884548,0.000323498,0,0,0
0.330680458,0.022061888,0.000327575,0,0,0
0.331125144,0.022127907,0.000329097,0,0,0
0.33246597,0.0223277,0.00033372,0,0,0
0.332740392,0.022368727,0.000334673,0,0,0
0.333233979,0.022442635,0.000336391,0,0,0
0.334223369,0.022591234,0.000339855,0,0,0
0.336675428,0.022962113,0.000348558,0,0,0
0.336773415,0.022977011,0.000348909,0,0,0
0.336964421,0.023006068,0.000349595,0,0,0
0.337491714,0.023086402,0.000351492,0,0,0
0.338210288,0.023196155,0.000354091,0,0,0
0.33836019,0.023219091,0.000354635,0,0,0
0.338726878,0.023275255,0.000355969,0,0,0
0.339304436,0.023363887,0.000358077,0,0,0
0.339460659,0.023387897,0.000358649,0,0,0
0.339519272,0.023396909,0.000358863,0,0,0
0.340308044,0.023518395,0.000361763,0,0,0
0.341993564,0.023779298,0.000368018,0,0,0
0.342358852,0.023836076,0.000369385,0,0,0
0.342412643,0.023844444,0.000369586,0,0,0
0.343159308,0.023960785,0.000372393,0,0,0
0.34431199,0.024141077,0.000376758,0,0,0
0.344897367,0.024232956,0.000378989,0,0,0
0.346597299,0.024500998,0.000385527,0,0,0
0.349154517,0.024907662,0.000395525,0,0,0
0.350480946,0.025120237,0.000400789,0,0,0
0.350707518,0.025156659,0.000401694,0,0,0
0.350931767,0.025192741,0.000402591,0,0,0
0.351655163,0.025309354,0.000405494,0,0,0
0.351874201,0.02534473,0.000406376,0,0,0
0.352331568,0.025418696,0.000408223,0,0,0
0.35255917,0.025455554,0.000409145,0,0,0
0.353822677,0.025660772,0.00041429,0,0,0
0.356020907,0.026020257,0.000423361,0,0,0
0.356340865,0.026072841,0.000424694,0,0,0
0.357904268,0.026330735,0.000431253,0,0,0
0.358134998,0.02636893,0.000432228,0,0,0
0.358672418,0.026458028,0.000434505,0,0,0
0.358705222,0.026463473,0.000434644,0,0,0
0.359710997,0.026630746,0.000438931,0,0,0
0.360503107,0.026762948,0.00044233,0,0,0
0.360642257,0.026786215,0.000442929,0,0,0
0.361096593,0.026862269,0.00044489,0,0,0
0.362895371,0.027164708,0.00045272,0,0,0
0.365983656,0.027688923,0.000466411,0,0,0
0.366934732,0.027851632,0.000470692,0,0,0
0.367779375,0.027996635,0.000474518,0,0,0
0.367961291,0.028027928,0.000475346,0,0,0
0.368376474,0.028099428,0.000477238,0,0,0
0.368677225,0.028151293,0.000478613,0,0,0
0.368685284,0.028152684,0.00047865,0,0,0
0.369498164,0.028293173,0.000482381,0,0,0
0.369748419,0.028336513,0.000483534,0,0,0
0.37007787,0.028393632,0.000485055,0,0,0
0.370189051,0.028412925,0.000485569,0,0,0
0.371746293,0.028684015,0.000492816,0,0,0
0.372598436,0.028833048,0.000496818,0,0,0
0.372608724,0.02883485,0.000496866,0,0,0
0.373675145,0.029022055,0.00050191,0,0,0
0.375033123,0.029261551,0.000508389,0,0,0
0.376706618,0.029558409,0.000516464,0,0,0
0.37737193,0.029676955,0.000519702,0,0,0
0.377509773,0.029701554,0.000520375,0,0,0
0.377669058,0.029729996,0.000521153,0,0,0
0.377978766,0.029785345,0.000522669,0,0,0
0.378191506,0.029823403,0.000523713,0,0,0
0.379541661,0.030065659,0.000530372,0,0,0
0.380156615,0.030176412,0.000533427,0,0,0
0.380239431,0.030191346,0.00053384,0,0,0
0.381022377,0.030332774,0.000537752,0,0,0
0.382084123,0.030525236,0.000543092,0,0,0
0.382818317,0.030658776,0.000546809,0,0,0
0.383394424,0.030763822,0.00054974,0,0,0
0.38343379,0.030771009,0.000549941,0,0,0
0.385093291,0.031074928,0.000558454,0,0,0
0.386605159,0.031353472,0.0005663,0,0,0
0.387151269,0.031454477,0.000569155,0,0,0
0.387227679,0.031468626,0.000569555,0,0,0
0.388372633,0.031681126,0.000575581,0,0,0
0.388566139,0.031717131,0.000576605,0,0,0
0.3903622,0.032052566,0.000586171,0,0,0
0.392342044,0.032424951,0.000596861,0,0,0
0.392527988,0.032460067,0.000597873,0,0,0
0.39253518,0.032461426,0.000597912,0,0,0
0.393765981,0.032694487,0.000604644,0,0,0
0.393845752,0.03270963,0.000605082,0,0,0
0.39493909,0.032917624,0.000611116,0,0,0
0.394947493,0.032919226,0.000611162,0,0,0
0.395719579,0.033066622,0.000615452,0,0,0
0.396771739,0.03326817,0.000621335,0,0,0
0.398131911,0.033529891,0.000629007,0,0,0
0.398567264,0.03361394,0.000631478,0,0,0
0.398802107,0.033659336,0.000632814,0,0,0
0.399476923,0.033789998,0.000636666,0,0,0
0.401146318,0.034114646,0.000646275,0,0,0
0.402467959,0.034373093,0.000653963,0,0,0
0.405160635,0.034903564,0.000669851,0,0,0
0.406715151,0.035212217,0.000679162,0,0,0
0.408643919,0.035597639,0.000690856,0,0,0
0.408827018,0.03563437,0.000691974,0,0,0
0.409529724,0.035775565,0.00069628,0,0,0
0.410498364,0.035970791,0.00070225,0,0,0
0.411060676,0.036084441,0.000705735,0,0,0
0.411235437,0.03611981,0.00070682,0,0,0
0.411629632,0.036199672,0.000709274,0,0,0
0.411715701,0.036217125,0.000709811,0,0,0
0.411824037,0.0362391,0.000710487,0,0,0
0.412783698,0.036434144,0.000716497,0,0,0
0.414174042,0.036717936,0.000725276,0,0,0
0.414260135,0.036735557,0.000725823,0,0,0
0.414390212,0.03676219,0.000726649,0,0,0
0.414595663,0.036804281,0.000727955,0,0,0
0.41542874,0.036975279,0.000733272,0,0,0
0.415631485,0.037016974,0.000734571,0,0,0
0.4159493,0.037082394,0.00073661,0,0,0
0.416275235,0.037149564,0.000738707,0,0,0
0.416388328,0.03717289,0.000739435,0,0,0
0.418224574,0.03755296,0.000751343,0,0,0
0.418409897,0.03759146,0.000752553,0,0,0
0.418519712,0.037614285,0.000753271,0,0,0
0.421198851,0.038173985,0.000770956,0,0,0
0.421567624,0.038251451,0.000773415,0,0,0
0.422513668,0.038450656,0.000779755,0,0,0
0.422700213,0.038490017,0.00078101,0,0,0
0.423007753,0.038554965,0.000783082,0,0,0
0.423456159,0.038649792,0.000786112,0,0,0
0.424268148,0.0388219,0.000791622,0,0,0
0.424767251,0.038927939,0.000795024,0,0,0
0.426403599,0.039276939,0.000806261,0,0,0
0.427047889,0.039414918,0.00081072,0,0,0
0.427898312,0.039597534,0.000816635,0,0,0
0.428199943,0.039662439,0.000818742,0,0,0
0.428312374,0.03968665,0.000819528,0,0,0
0.428318925,0.039688061,0.000819574,0,0,0
0.428514335,0.039730165,0.000820942,0,0,0
0.429591883,0.03996287,0.00082852,0,0,0
0.430010399,0.040053495,0.000831478,0,0,0
0.430097104,0.040072287,0.000832092,0,0,0
0.43059773,0.040180906,0.000835644,0,0,0
0.430654534,0.040193242,0.000836048,0,0,0
0.431679288,0.040416232,0.000843359,0,0,0
0.432218497,0.040533895,0.000847227,0,0,0
0.433839995,0.040889101,0.000858944,0,0,0
0.43419876,0.040967971,0.000861554,0,0,0
0.434231157,0.040975098,0.00086179,0,0,0
0.43444029,0.041021126,0.000863314,0,0,0
0.437242053,0.041641085,0.000883952,0,0,0
0.438936315,0.042019,0.000896624,0,0,0
0.439037007,0.042041532,0.000897381,0,0,0
0.439745155,0.042200223,0.000902725,0,0,0
0.440386018,0.04234418,0.000907582,0,0,0
0.440684363,0.04241131,0.000909851,0,0,0
0.441183394,0.042523755,0.000913656,0,0,0
0.44335316,0.043014984,0.00093035,0,0,0
0.444781532,0.043340435,0.000941474,0,0,0
0.444809222,0.04334676,0.000941691,0,0,0
0.444916135,0.043371189,0.000942528,0,0,0
0.445125497,0.043419053,0.000944169,0,0,0
0.445580152,0.043523118,0.000947741,0,0,0
0.446233881,0.043673042,0.000952895,0,0,0
0.447021529,0.043854141,0.000959136,0,0,0
0.447196015,0.043894328,0.000960523,0,0,0
0.448227982,0.044132513,0.00096876,0,0,0
0.448519474,0.044199949,0.000971097,0,0,0
0.448573504,0.044212456,0.00097153,0,0,0
0.448889845,0.044285733,0.000974073,0,0,0
0.45019132,0.04458807,0.000984589,0,0,0
0.452485416,0.045124388,0.00100335,0,0,0
0.452972131,0.045238732,0.001007368,0,0,0
0.454009527,0.045483101,0.001015975,0,0,0
0.454055822,0.045494028,0.00101636,0,0,0
0.454155058,0.045517454,0.001017187,0,0,0
0.454944919,0.045704209,0.001023787,0,0,0
0.455618156,0.0458638,0.00102944,0,0,0
0.456119924,0.045982989,0.001033669,0,0,0
0.456983494,0.046188614,0.001040982,0,0,0
0.457699807,0.046359649,0.00104708,0,0,0
0.457927455,0.046414095,0.001049024,0,0,0
0.458834931,0.046631566,0.001056803,0,0,0
0.459993013,0.0469101,0.001066799,0,0,0
0.460751064,0.047093034,0.001073383,0,0,0
0.461278698,0.047220651,0.001077986,0,0,0
0.461882951,0.047367089,0.001083277,0,0,0
0.463784685,0.047829992,0.001100068,0,0,0
0.46398642,0.047879277,0.001101862,0,0,0
0.466210497,0.048424942,0.001121796,0,0,0
0.466346061,0.048458339,0.001123021,0,0,0
0.466542123,0.048506668,0.001124794,0,0,0
0.466580209,0.048516061,0.001125139,0,0,0
0.467078639,0.048639088,0.001129657,0,0,0
0.467810396,0.048820096,0.001136319,0,0,0
0.468693356,0.049039121,0.001144399,0,0,0
0.468771425,0.04905852,0.001145116,0,0,0
0.469120325,0.049145277,0.001148324,0,0,0
0.469289354,0.049187345,0.00114988,0,0,0
0.470145131,0.049400713,0.001157788,0,0,0
0.470227549,0.049421296,0.001158552,0,0,0
0.4708799,0.049584419,0.001164614,0,0,0
0.471269102,0.049681917,0.001168243,0,0,0
0.473891084,0.050342193,0.001192933,0,0,0
0.474184174,0.050416374,0.00119572,0,0,0
0.474685766,0.050543503,0.001200501,0,0,0
0.475222936,0.050679895,0.001205639,0,0,0
0.475325166,0.05070588,0.001206619,0,0,0
0.476841072,0.051092291,0.001221226,0,0,0
0.476897438,0.051106698,0.001221772,0,0,0
0.477295647,0.05120856,0.001225635,0,0,0
0.477999441,0.051388936,0.001232487,0,0,0
0.478155904,0.051429096,0.001234014,0,0,0
0.482023478,0.052428741,0.001272275,0,0,0
0.482586233,0.052575313,0.001277923,0,0,0
0.484616486,0.053106477,0.001298474,0,0,0
0.485425421,0.053319154,0.001306738,0,0,0
0.485653333,0.053379182,0.001309075,0,0,0
0.486154856,0.053511439,0.001314228,0,0,0
0.48615952,0.05351267,0.001314276,0,0,0
0.488075589,0.054020081,0.001334121,0,0,0
0.489775567,0.054473081,0.001351936,0,0,0
0.489963549,0.054523336,0.001353918,0,0,0
0.490860966,0.054763702,0.001363414,0,0,0
0.491055152,0.05481581,0.001365476,0,0,0
0.493065476,0.055357322,0.001386977,0,0,0
0.493477444,0.055468755,0.001391418,0,0,0
0.494103887,0.055638504,0.001398194,0,0,0
0.494337872,0.055702001,0.001400732,0,0,0
0.494346991,0.055704477,0.001400831,0,0,0
0.49443486,0.055728336,0.001401785,0,0,0
0.494946656,0.055867448,0.001407353,0,0,0
0.497878597,0.056669116,0.001439609,0,0,0
0.498133033,0.056739066,0.001442437,0,0,0
0.498349847,0.056798722,0.001444851,0,0,0
0.50008623,0.057278085,0.001464304,0,0,0
0.500555072,0.057408008,0.001469594,0,0,0
0.501539423,0.057681467,0.001480753,0,0,0
0.502711625,0.058008318,0.001494134,0,0,0
0.502816415,0.058037601,0.001495335,0,0,0
0.503966754,0.058359749,0.001508575,0,0,0
0.505059449,0.058666932,0.001521242,0,0,0
0.505850657,0.058890078,0.00153047,0,0,0
0.506345044,0.059029818,0.00153626,0,0,0
0.506765496,0.059148846,0.001541199,0,0,0
0.507356705,0.059316504,0.001548166,0,0,0
0.507661245,0.059402999,0.001551765,0,0,0
0.508675746,0.059691788,0.001563806,0,0,0
0.509269115,0.059861162,0.001570885,0,0,0
0.509728908,0.059992644,0.00157639,0,0,0
0.510559604,0.060230713,0.001586375,0,0,0
0.510850387,0.060314208,0.001589883,0,0,0
0.511623839,0.060536701,0.001599246,0,0,0
0.513088575,0.060959663,0.001617105,0,0,0
0.513934923,0.061205023,0.001627501,0,0,0
0.514324597,0.061318229,0.001632307,0,0,0
0.515805646,0.061749874,0.001650682,0,0,0
0.516223404,0.061872022,0.001655896,0,0,0
0.517367956,0.062207571,0.001670255,0,0,0
0.517465888,0.062236343,0.001671488,0,0,0
0.518628386,0.06257861,0.001686189,0,0,0
0.518955321,0.062675113,0.001690343,0,0,0
0.519429933,0.062815396,0.001696389,0,0,0
0.520356785,0.063090006,0.001708249,0,0,0
0.521218637,0.063346137,0.001719341,0,0,0
0.52161261,0.063463471,0.001724432,0,0,0
0.522057292,0.063596097,0.001730193,0,0,0
0.52223383,0.063648805,0.001732485,0,0,0
0.523468821,0.064018416,0.00174859,0,0,0
0.523781425,0.06411222,0.001752687,0,0,0
0.524021339,0.064184279,0.001755837,0,0,0
0.524818736,0.064424204,0.00176634,0,0,0
0.526829218,0.065032026,0.001793061,0,0,0
0.527093793,0.065112324,0.001796603,0,0,0
0.527463307,0.065224592,0.00180156,0,0,0
0.527727289,0.065304883,0.001805108,0,0,0
0.527992249,0.065385544,0.001808676,0,0,0
0.528569322,0.065561473,0.001816467,0,0,0
0.529331366,0.065794322,0.001826799,0,0,0
0.529991736,0.065996592,0.001835793,0,0,0
0.530137161,0.066041197,0.001837779,0,0,0
0.530564425,0.066172374,0.001843624,0,0,0
0.530670352,0.066204925,0.001845076,0,0,0
0.531870819,0.066574644,0.001861595,0,0,0
0.532134054,0.066655917,0.001865234,0,0,0
0.53284038,0.066874352,0.001875029,0,0,0
0.532925395,0.066900678,0.001876211,0,0,0
0.534958652,0.067532591,0.00190467,0,0,0
0.535124484,0.067584323,0.001907007,0,0,0
0.536170557,0.06791132,0.001921809,0,0,0
0.536507479,0.068016887,0.001926597,0,0,0
0.536781099,0.068102709,0.001930493,0,0,0
0.536782134,0.068103034,0.001930508,0,0,0
0.538823912,0.068745974,0.001959797,0,0,0
0.53967146,0.069014173,0.001972067,0,0,0
0.542149457,0.069802754,0.002008323,0,0,0
0.542461035,0.069902379,0.002012922,0,0,0
0.543041698,0.070088324,0.002021517,0,0,0
0.544694789,0.070619701,0.002046162,0,0,0
0.544996749,0.070717087,0.002050692,0,0,0
0.545416683,0.070852688,0.002057006,0,0,0
0.546841313,0.071314156,0.002078552,0,0,0
0.5474764,0.071520594,0.00208822,0,0,0
0.551061245,0.07269425,0.002143528,0,0,0
0.552025583,0.073012414,0.002158622,0,0,0
0.55256574,0.073191083,0.002167117,0,0,0
0.55265418,0.073220368,0.00216851,0,0,0
0.55268397,0.073230234,0.00216898,0,0,0
0.554414571,0.073805112,0.002196414,0,0,0
0.554635463,0.073878732,0.002199938,0,0,0
0.55584912,0.074284212,0.002219384,0,0,0
0.556200696,0.074401986,0.002225046,0,0,0
0.556600355,0.074536037,0.002231497,0,0,0
0.556751019,0.074586618,0.002233933,0,0,0
0.557905907,0.074975206,0.002252684,0,0,0
0.557988499,0.075003055,0.00225403,0,0,0
0.561338308,0.076139148,0.002309229,0,0,0
0.561498131,0.076193676,0.002311892,0,0,0
0.561757318,0.076282167,0.002316216,0,0,0
0.562515502,0.076541474,0.002328907,0,0,0
0.564764704,0.077314663,0.002366914,0,0,0
0.566610663,0.077953661,0.002398514,0,0,0
0.567201306,0.078158965,0.002408702,0,0,0
0.5678612,0.078388829,0.002420131,0,0,0
0.568812343,0.078721053,0.002436688,0,0,0
0.568873849,0.078742573,0.002437762,0,0,0
0.570422879,0.07928605,0.002464951,0,0,0
0.571103674,0.079525814,0.002476985,0,0,0
0.571788041,0.079767395,0.002489135,0,0,0
0.571984802,0.079836956,0.002492638,0,0,0
0.572081913,0.079871305,0.002494368,0,0,0
0.572129417,0.079888111,0.002495215,0,0,0
0.572556354,0.08003928,0.002502837,0,0,0
0.572638811,0.080068502,0.002504312,0,0,0
0.572806634,0.080128001,0.002507315,0,0,0
0.574051593,0.080570444,0.002529696,0,0,0
0.574361235,0.080680779,0.00253529,0,0,0
0.575005627,0.080910767,0.002546966,0,0,0
0.575144756,0.08096049,0.002549494,0,0,0
0.575210793,0.080984098,0.002550694,0,0,0
0.575481541,0.081080948,0.00255562,0,0,0
0.575502461,0.081088435,0.002556001,0,0,0
0.575918797,0.081237549,0.002563595,0,0,0
0.576432057,0.081421667,0.002572983,0,0,0
0.576962986,0.081612462,0.002582727,0,0,0
0.57738596,0.08176471,0.002590513,0,0,0
0.57830518,0.082096335,0.002607505,0,0,0
0.578309375,0.082097851,0.002607583,0,0,0
0.578606798,0.082205375,0.002613102,0,0,0
0.578616529,0.082208895,0.002613283,0,0,0
0.578829935,0.082286115,0.00261725,0,0,0
0.580024693,0.082719473,0.002639558,0,0,0
0.581182834,0.083141235,0.002661344,0,0,0
0.58281199,0.083737351,0.002692261,0,0,0
0.583615151,0.084032451,0.002707621,0,0,0
0.585160917,0.08460268,0.002737402,0,0,0
0.58529758,0.08465324,0.002740049,0,0,0
0.585547706,0.084745837,0.0027449,0,0,0
0.586137208,0.084964383,0.002756363,0,0,0
0.586241379,0.085003048,0.002758392,0,0,0
0.58817757,0.08572421,0.002796368,0,0,0
0.58923521,0.086120159,0.002817308,0,0,0
0.590085344,0.086439462,0.002834243,0,0,0
0.590155405,0.086465818,0.002835642,0,0,0
0.590507691,0.086598437,0.00284269,0,0,0
0.59114148,0.086837431,0.002855408,0,0,0
0.592892323,0.087500347,0.002890807,0,0,0
0.59291628,0.087509445,0.002891295,0,0,0
0.59325714,0.087638976,0.002898233,0,0,0
0.594858612,0.08824958,0.002931033,0,0,0
0.594921685,0.088273697,0.002932332,0,0,0
0.596118087,0.088732142,0.002957064,0,0,0
0.596758969,0.088978493,0.002970389,0,0,0
0.596827341,0.089004807,0.002971814,0,0,0
0.598553802,0.089671296,0.003007997,0,0,0
0.600161817,0.090295614,0.003042055,0,0,0
0.600234562,0.090323939,0.003043604,0,0,0
0.600606284,0.090468788,0.00305153,0,0,0
0.600720944,0.090513505,0.003053979,0,0,0
0.601270112,0.090727921,0.003065731,0,0,0
0.60555834,0.092416168,0.003158923,0,0,0
0.606242909,0.092687985,0.003174036,0,0,0
0.606878519,0.092940936,0.003188127,0,0,0
0.607115379,0.093035339,0.003193392,0,0,0
0.60734772,0.093128016,0.003198565,0,0,0
0.607513282,0.093194101,0.003202256,0,0,0
0.607541805,0.09320549,0.003202892,0,0,0
0.608576418,0.093619355,0.003226047,0,0,0
0.610152575,0.094252685,0.003261616,0,0,0
0.611327388,0.094726987,0.003288361,0,0,0
0.611735506,0.094892204,0.003297698,0,0,0
0.6119573,0.094982089,0.003302783,0,0,0
0.614675683,0.096089354,0.003365687,0,0,0
0.615275825,0.096335208,0.003379722,0,0,0
0.616225317,0.096725218,0.003402035,0,0,0
0.616537154,0.096853587,0.003409393,0,0,0
0.616861492,0.096987247,0.003417061,0,0,0
0.617629999,0.09730455,0.003435294,0,0,0
0.617821031,0.097383555,0.00343984,0,0,0
0.617860295,0.097399799,0.003440776,0,0,0
0.618127796,0.097510531,0.003447152,0,0,0
0.618889145,0.097826252,0.003465361,0,0,0
0.619598739,0.098121261,0.003482412,0,0,0
0.619646531,0.098141156,0.003483563,0,0,0
0.62076304,0.098606881,0.003510555,0,0,0
0.621165617,0.098775247,0.003520335,0,0,0
0.622221156,0.099217814,0.003546097,0,0,0
0.62274275,0.099437106,0.003558891,0,0,0
0.623102674,0.099588658,0.003567745,0,0,0
0.624183973,0.100045097,0.003594465,0,0,0
0.625544656,0.100621907,0.003628352,0,0,0
0.626864063,0.101183826,0.003661492,0,0,0
0.629192652,0.102181847,0.003720667,0,0,0
0.629435074,0.102286214,0.003726878,0,0,0
0.62972217,0.102409926,0.003734246,0,0,0
0.631428639,0.103147816,0.003778322,0,0,0
0.631888372,0.103347358,0.003790279,0,0,0
0.633103535,0.10387633,0.003822052,0,0,0
0.635086165,0.104744214,0.003874426,0,0,0
0.637815289,0.10594874,0.003947616,0,0,0
0.637822662,0.10595201,0.003947816,0,0,0
0.639623252,0.106753057,0.003996812,0,0,0
0.64182252,0.107738348,0.00405743,0,0,0
0.642917236,0.10823163,0.004087924,0,0,0
0.642972455,0.108256562,0.004089468,0,0,0
0.643057265,0.108294865,0.00409184,0,0,0
0.643099664,0.108314017,0.004093027,0,0,0
0.645790333,0.109535315,0.004168984,0,0,0
0.646574849,0.109893589,0.00419138,0,0,0
0.646721715,0.109960771,0.004195585,0,0,0
0.647212944,0.110185727,0.004209679,0,0,0
0.648745042,0.110889851,0.004253925,0,0,0
0.648790062,0.1109106,0.004255231,0,0,0
0.652106665,0.1124482,0.004352551,0,0,0
0.653600416,0.113146625,0.004397068,0,0,0
0.654012202,0.113339812,0.004409416,0,0,0
0.654263033,0.113457626,0.004416953,0,0,0
0.655322875,0.113956586,0.004448937,0,0,0
0.656543899,0.11453376,0.004486058,0,0,0
0.656618176,0.114568951,0.004488326,0,0,0
0.656644743,0.11458154,0.004489137,0,0,0
0.656954162,0.114728252,0.004498597,0,0,0
0.656962203,0.114732067,0.004498843,0,0,0
0.657930596,0.115192289,0.004528574,0,0,0
0.658223832,0.11533196,0.004537613,0,0,0
0.658624536,0.115523055,0.004549993,0,0,0
0.659772761,0.116072154,0.004585648,0,0,0
0.660330269,0.116339574,0.004603056,0,0,0
0.661364683,0.11683716,0.004635522,0,0,0
0.661681406,0.116989882,0.004645506,0,0,0
0.664187877,0.118204595,0.004725249,0,0,0
0.665142273,0.118669994,0.004755957,0,0,0
0.665184599,0.11869067,0.004757323,0,0,0
0.6667817,0.119473161,0.004809154,0,0,0
0.6678178,0.119983195,0.004843068,0,0,0
0.668266432,0.120204629,0.004857824,0,0,0
0.668641771,0.120390161,0.004870202,0,0,0
0.670831416,0.121477522,0.004943025,0,0,0
0.671062346,0.121592701,0.004950766,0,0,0
0.671479392,0.121800949,0.004964776,0,0,0
0.672310015,0.122216647,0.004992793,0,0,0
0.672352408,0.122237897,0.004994228,0,0,0
0.674993943,0.123568411,0.005084373,0,0,0
0.675806919,0.123980463,0.005112433,0,0,0
0.675968262,0.124062382,0.00511802,0,0,0
0.6760195,0.124088408,0.005119795,0,0,0
0.676138019,0.124148626,0.005123904,0,0,0
0.67636312,0.124263069,0.005131717,0,0,0
0.677105727,0.124641276,0.005157574,0,0,0
0.677987282,0.125091574,0.005188433,0,0,0
0.678377089,0.125291147,0.005202135,0,0,0
0.680278151,0.126268511,0.005269467,0,0,0
0.681742788,0.127026127,0.005321921,0,0,0
0.681815405,0.127063794,0.005324535,0,0,0
0.682334872,0.127333544,0.00534327,0,0,0
0.68275127,0.127550141,0.005358334,0,0,0
0.683127996,0.127746386,0.005371999,0,0,0
0.684493981,0.128460227,0.005421833,0,0,0
0.684557503,0.128493509,0.005424162,0,0,0
0.685849146,0.129171945,0.00547172,0,0,0
0.686907389,0.129730185,0.005510989,0,0,0
0.687216594,0.129893705,0.005522515,0,0,0
0.687844056,0.130226102,0.005545977,0,0,0
0.689747503,0.131239152,0.005617753,0,0,0
0.690897248,0.131854513,0.00566155,0,0,0
0.691788733,0.132333447,0.005695741,0,0,0
0.692554372,0.132746033,0.005725267,0,0,0
0.693162654,0.133074655,0.005748833,0,0,0
0.693308785,0.133153712,0.005754509,0,0,0
0.694040014,0.133549949,0.005782993,0,0,0
0.695388244,0.134283343,0.005835878,0,0,0
0.695453526,0.134318948,0.005838451,0,0,0
0.696401277,0.134836818,0.00587593,0,0,0
0.696663707,0.134980538,0.005886349,0,0,0
0.696902038,0.13511118,0.005895828,0,0,0
0.697189921,0.13526914,0.005907298,0,0,0
0.697205004,0.135277421,0.0059079,0,0,0
0.698571232,0.136029413,0.005962642,0,0,0
0.699197415,0.136375354,0.0059879,0,0,0
0.699770916,0.136692899,0.006011126,0,0,0
0.699959683,0.136797567,0.006018791,0,0,0
0.700642958,0.137177048,0.006046615,0,0,0
0.701441804,0.137621945,0.006079309,0,0,0
0.70181307,0.137829165,0.006094563,0,0,0
0.70199416,0.137930344,0.006102018,0,0,0
0.702371815,0.138141568,0.006117593,0,0,0
0.702423535,0.138170518,0.006119729,0,0,0
0.70329855,0.138661163,0.006155981,0,0,0
0.703917146,0.139008998,0.006181739,0,0,0
0.70653122,0.14048784,0.006291785,0,0,0
0.706590638,0.140521624,0.006294309,0,0,0
0.707084179,0.14080253,0.006315314,0,0,0
0.707977376,0.141312236,0.006353507,0,0,0
0.709031313,0.141915883,0.006398871,0,0,0
0.709408802,0.142132677,0.006415199,0,0,0
0.710264273,0.142625125,0.006452355,0,0,0
0.710649202,0.142847229,0.006469145,0,0,0
0.711979557,0.143617342,0.006527512,0,0,0
0.71222786,0.143761509,0.006538464,0,0,0
0.712394931,0.14385859,0.006545844,0,0,0
0.712419935,0.143873124,0.00654695,0,0,0
0.713135057,0.144289398,0.006578639,0,0,0
0.713330694,0.144403476,0.006587335,0,0,0
0.713806086,0.144681036,0.006608515,0,0,0
0.715518929,0.145685266,0.0066854,0,0,0
0.715523837,0.145688153,0.006685621,0,0,0
0.715555006,0.145706489,0.006687029,0,0,0
0.716549681,0.146292762,0.006732104,0,0,0
0.716712068,0.146388686,0.006739492,0,0,0
0.716947147,0.146527656,0.006750201,0,0,0
0.718101895,0.147212121,0.006803061,0,0,0
0.718949723,0.147716595,0.006842139,0,0,0
0.719200237,0.147865969,0.006853729,0,0,0
0.719717619,0.148174926,0.00687773,0,0,0
0.720778765,0.148810517,0.006927223,0,0,0
0.723053848,0.150182007,0.007034564,0,0,0
0.723259194,0.150306389,0.007044336,0,0,0
0.723628612,0.150530402,0.00706195,0,0,0
0.723653294,0.150545381,0.007063129,0,0,0
0.72417263,0.150860875,0.007087972,0,0,0
0.724740327,0.151206475,0.007115231,0,0,0
0.725275716,0.151533105,0.007141037,0,0,0
0.72534644,0.151576302,0.007144453,0,0,0
0.726240206,0.152123233,0.007187769,0,0,0
0.727211769,0.15271993,0.007235161,0,0,0
0.727299821,0.152774119,0.007239472,0,0,0
0.7285174,0.15352536,0.007299354,0,0,0
0.728519974,0.153526952,0.007299482,0,0,0
0.729125669,0.153901997,0.007329461,0,0,0
0.729194176,0.153944473,0.00733286,0,0,0
0.729501773,0.154135327,0.00734814,0,0,0
0.729970593,0.154426657,0.007371493,0,0,0
0.731870451,0.155612737,0.007466916,0,0,0
0.732624417,0.156085892,0.007505138,0,0,0
0.733004527,0.156324964,0.007524484,0,0,0
0.733014503,0.156331244,0.007524993,0,0,0
0.734046847,0.156982373,0.0075778,0,0,0
0.734536932,0.157292412,0.007603004,0,0,0
0.735564586,0.157944478,0.007656135,0,0,0
0.735713128,0.15803895,0.007663847,0,0,0
0.736371926,0.158458611,0.007698147,0,0,0
0.738014026,0.159509422,0.007784338,0,0,0
0.738719826,0.159963184,0.007821693,0,0,0
0.738915675,0.160089321,0.007832091,0,0,0
0.739332837,0.160358325,0.007854288,0,0,0
0.740336591,0.161007421,0.007907967,0,0,0
0.740974755,0.161421454,0.007942294,0,0,0
0.741938043,0.162048425,0.007994405,0,0,0
0.742298053,0.162283364,0.008013972,0,0,0
0.742371404,0.162331273,0.008017965,0,0,0
0.742458671,0.16238829,0.008022718,0,0,0
0.74275005,0.162578811,0.00803861,0,0,0
0.742859379,0.162650355,0.008044581,0,0,0
0.743190152,0.162866998,0.008062675,0,0,0
0.74394749,0.163364109,0.008104266,0,0,0
0.744696933,0.163857528,0.008145644,0,0,0
0.745453591,0.164357208,0.008187646,0,0,0
0.745754926,0.164556628,0.008204436,0,0,0
0.746327728,0.164936368,0.008236453,0,0,0
0.747353265,0.165618446,0.008294104,0,0,0
0.747579485,0.165769284,0.008306879,0,0,0
0.747593032,0.165778321,0.008307644,0,0,0
0.747716243,0.165860538,0.008314611,0,0,0
0.748861416,0.16662666,0.008379661,0,0,0
0.749764391,0.167233264,0.008431331,0,0,0
0.749967924,0.167370302,0.008443025,0,0,0
0.750048793,0.167424782,0.008447675,0,0,0
0.750264218,0.167569998,0.008460078,0,0,0
0.75082463,0.167948362,0.008492432,0,0,0
0.751519345,0.168418603,0.008532722,0,0,0
0.752305734,0.168952506,0.008578573,0,0,0
0.75272905,0.169240618,0.008603363,0,0,0
0.752733726,0.169243803,0.008603638,0,0,0
0.752808037,0.169294432,0.008607997,0,0,0
0.753954431,0.17007744,0.008675554,0,0,0
0.755010383,0.170801936,0.00873828,0,0,0
0.755500782,0.171139472,0.008767575,0,0,0
0.755798059,0.171344416,0.008785384,0,0,0
0.757611687,0.17260019,0.008894876,0,0,0
0.757882419,0.172788455,0.008911345,0,0,0
0.757909027,0.17280697,0.008912965,0,0,0
0.758173404,0.17299104,0.008929082,0,0,0
0.758724524,0.173375398,0.00896278,0,0,0
0.759334459,0.1738018,0.009000234,0,0,0
0.760335972,0.174504297,0.009062096,0,0,0
0.76101214,0.174980241,0.009104121,0,0,0
0.761231567,0.175134981,0.009117803,0,0,0
0.761690678,0.175459203,0.009146503,0,0,0
0.763174599,0.176511398,0.009239931,0,0,0
0.763508398,0.176748984,0.009261089,0,0,0
0.765069569,0.177864592,0.009360738,0,0,0
0.766068621,0.178582359,0.009425115,0,0,0
0.767626992,0.17970802,0.009526491,0,0,0
0.767804518,0.179836722,0.009538114,0,0,0
0.767890137,0.179898829,0.009543725,0,0,0
0.768424287,0.180286804,0.009578814,0,0,0
0.76855974,0.180385328,0.009587734,0,0,0
0.768720389,0.180502252,0.009598325,0,0,0
0.769252075,0.180889796,0.009633468,0,0,0
0.769602612,0.181145779,0.009656714,0,0,0
0.771764617,0.182733074,0.009801445,0,0,0
0.772038997,0.182935566,0.009819981,0,0,0
0.772555963,0.183317732,0.00985501,0,0,0
0.772601561,0.183351481,0.009858106,0,0,0
0.774211511,0.184547303,0.009968108,0,0,0
0.775208467,0.185291968,0.0100369,0,0,0
0.775418704,0.185449411,0.010051473,0,0,0
0.775748871,0.185696956,0.010074406,0,0,0
0.775981792,0.185871801,0.010090619,0,0,0
0.776196296,0.186032977,0.010105576,0,0,0
0.776885505,0.186551855,0.010153796,0,0,0
0.776896303,0.186559997,0.010154554,0,0,0
0.777116234,0.186725908,0.010169996,0,0,0
0.777418574,0.186954244,0.010191266,0,0,0
0.777532044,0.187040017,0.010199261,0,0,0
0.777558102,0.18705972,0.010201098,0,0,0
0.778538591,0.187802727,0.010270489,0,0,0
0.779808272,0.188769598,0.01036112,0,0,0
0.78013023,0.189015622,0.010384242,0,0,0
0.780344834,0.189179804,0.010399686,0,0,0
0.780899892,0.189605163,0.010439747,0,0,0
0.780905002,0.189609085,0.010440117,0,0,0
0.781216418,0.18984819,0.010462669,0,0,0
0.781806237,0.190301949,0.010505531,0,0,0
0.781855309,0.190339754,0.010509106,0,0,0
0.781898228,0.190372825,0.010512233,0,0,0
0.783002692,0.191226017,0.010593075,0,0,0
0.783277343,0.191438827,0.010613285,0,0,0
0.784002655,0.192002065,0.010666863,0,0,0
0.790429225,0.19707249,0.011154978,0,0,0
0.790445685,0.197085664,0.01115626,0,0,0
0.791356752,0.19781638,0.011227469,0,0,0
0.791554188,0.197975128,0.011242967,0,0,0
0.791736409,0.198121767,0.011257293,0,0,0
0.792833951,0.19900755,0.011344015,0,0,0
0.793128682,0.199246165,0.011367431,0,0,0
0.793671188,0.199686212,0.011410675,0,0,0
0.793875626,0.199852319,0.011427019,0,0,0
0.794946817,0.200725197,0.01151309,0,0,0
0.795146686,0.200888535,0.011529231,0,0,0
0.795568474,0.201233718,0.011563377,0,0,0
0.795641403,0.201293468,0.011569293,0,0,0
0.795985282,0.201575477,0.011597233,0,0,0
0.79609254,0.201663528,0.011605963,0,0,0
0.796751358,0.202205316,0.011659751,0,0,0
0.797077239,0.202473913,0.011686461,0,0,0
0.798299315,0.203484748,0.011787248,0,0,0
0.798635122,0.203763504,0.011815115,0,0,0
0.800113219,0.204995623,0.01193867,0,0,0
0.800379998,0.205218902,0.011961127,0,0,0
0.800754389,0.205532711,0.011992724,0,0,0
0.800967979,0.205711984,0.012010792,0,0,0
0.80151801,0.206174459,0.012057465,0,0,0
0.802082009,0.206649906,0.012105539,0,0,0
0.802115453,0.206678138,0.012108396,0,0,0
0.802985073,0.207413784,0.01218297,0,0,0
0.804248204,0.208487646,0.01229223,0,0,0
0.804563736,0.20875689,0.012319698,0,0,0
0.804940643,0.209079027,0.012352602,0,0,0
0.805443941,0.209510079,0.012396697,0,0,0
0.805564973,0.20961389,0.012407328,0,0,0
0.806140605,0.210108426,0.012458033,0,0,0
0.807011369,0.210859068,0.012535189,0,0,0
0.807727504,0.211478731,0.012599057,0,0,0
0.80950027,0.213021762,0.012758785,0,0,0
0.810582264,0.213969957,0.012857426,0,0,0
0.810702718,0.214075818,0.012868462,0,0,0
0.811785847,0.215030483,0.012968194,0,0,0
0.811871506,0.215106194,0.012976119,0,0,0
0.812941007,0.216054119,0.01307555,0,0,0
0.813167451,0.21625545,0.013096717,0,0,0
0.813361354,0.216428023,0.013114873,0,0,0
0.813454039,0.216510569,0.013123562,0,0,0
0.813628867,0.216666373,0.01313997,0,0,0
0.814168971,0.217148538,0.013190811,0,0,0
0.81516444,0.21804053,0.013285121,0,0,0
0.815803062,0.218615043,0.013346038,0,0,0
0.817102115,0.219789217,0.013470967,0,0,0
0.817438633,0.220094602,0.013503554,0,0,0
0.818929699,0.221453799,0.013649059,0,0,0
0.819353548,0.221841985,0.013690757,0,0,0
0.819798532,0.222250402,0.013734695,0,0,0
0.820040879,0.222473211,0.013758695,0,0,0
0.820562765,0.22295393,0.013810546,0,0,0
0.821274571,0.223611595,0.01388164,0,0,0
0.821946082,0.224234163,0.013949106,0,0,0
0.822012432,0.224295789,0.013955793,0,0,0
0.82202058,0.224303359,0.013956615,0,0,0
0.822062062,0.2243419,0.013960798,0,0,0
0.822752473,0.224984535,0.014030638,0,0,0
0.822832422,0.225059094,0.014038752,0,0,0
0.822939317,0.22515883,0.014049609,0,0,0
0.824226586,0.226364081,0.014181148,0,0,0
0.824363131,0.226492384,0.014195186,0,0,0
0.827184323,0.229163111,0.014488982,0,0,0
0.827891023,0.229838115,0.014563711,0,0,0
0.828277576,0.23020836,0.014604782,0,0,0
0.828429893,0.230354452,0.014621004,0,0,0
0.828525429,0.230446141,0.01463119,0,0,0
0.829224147,0.231118084,0.014705944,0,0,0
0.829391089,0.231278985,0.014723872,0,0,0
0.829441001,0.231327117,0.014729237,0,0,0
0.829500147,0.231384171,0.014735598,0,0,0
0.829616549,0.231496504,0.014748127,0,0,0
0.83024579,0.232104917,0.014816075,0,0,0
0.830764782,0.232608211,0.014872401,0,0,0
0.831958085,0.233770538,0.015002893,0,0,0
0.832840988,0.234635151,0.015100332,0,0,0
0.833128109,0.234917178,0.015132184,0,0,0
0.833383011,0.235167911,0.01516053,0,0,0
0.834225172,0.235998668,0.015254641,0,0,0
0.834395179,0.236166816,0.015273725,0,0,0
0.834501067,0.236271622,0.015285626,0,0,0
0.834677994,0.23644687,0.015305536,0,0,0
0.835705932,0.237468271,0.01542184,0,0,0
0.835783622,0.237545692,0.015430674,0,0,0
0.836007247,0.237768717,0.015456135,0,0,0
0.836360989,0.238122045,0.015496516,0,0,0
0.836470495,0.238231557,0.015509043,0,0,0
0.836608582,0.238369741,0.015524856,0,0,0
0.837995157,0.239762893,0.015684742,0,0,0
0.839068012,0.240847888,0.015809836,0,0,0
0.839218412,0.241000485,0.01582747,0,0,0
0.840616062,0.242424434,0.0159925,0,0,0
0.841279889,0.243104497,0.016071624,0,0,0
0.841430909,0.24325955,0.016089691,0,0,0
0.842844688,0.244717224,0.016260053,0,0,0
0.843312831,0.245202363,0.016316955,0,0,0
0.844034693,0.245952855,0.01640518,0,0,0
0.844300843,0.246230306,0.016437857,0,0,0
0.844338465,0.246269558,0.016442483,0,0,0
0.844807091,0.246759163,0.016500236,0,0,0
0.845634842,0.247627039,0.016602864,0,0,0
0.845935105,0.247942833,0.016640288,0,0,0
0.846353903,0.248384162,0.016692661,0,0,0
0.846947121,0.249011041,0.016767198,0,0,0
0.848046869,0.250178638,0.016906481,0,0,0
0.848534813,0.250698968,0.016968742,0,0,0
0.849492569,0.251724412,0.017091785,0,0,0
0.850280692,0.252572357,0.017193876,0,0,0
0.850522376,0.252833136,0.017225336,0,0,0
0.851092382,0.253449582,0.017299821,0,0,0
0.851738551,0.254150791,0.017384749,0,0,0
0.851923907,0.254352408,0.017409208,0,0,0
0.853116109,0.255654266,0.017567567,0,0,0
0.854259721,0.256911379,0.017721186,0,0,0
0.854283377,0.25693747,0.017724382,0,0,0
0.855358863,0.258127377,0.017870439,0,0,0
0.85536168,0.258130503,0.017870824,0,0,0
0.855489135,0.258272007,0.017888234,0,0,0
0.857773162,0.260825525,0.01820393,0,0,0
0.858225183,0.261334902,0.018267248,0,0,0
0.860353658,0.263751626,0.018569218,0,0,0
0.861462514,0.265022693,0.018729075,0,0,0
0.861716755,0.265315303,0.018765976,0,0,0
0.861849548,0.265468312,0.018785288,0,0,0
0.862147382,0.265811928,0.018828693,0,0,0
0.862243422,0.265922861,0.018842718,0,0,0
0.862404656,0.26610924,0.018866292,0,0,0
0.86241593,0.266122279,0.018867942,0,0,0
0.862417835,0.266124482,0.018868221,0,0,0
0.862783709,0.266548113,0.018921865,0,0,0
0.863069152,0.26687926,0.018963854,0,0,0
0.863232189,0.267068656,0.01898789,0,0,0
0.863375059,0.267234776,0.019008986,0,0,0
0.863528474,0.267413315,0.019031673,0,0,0
0.863578141,0.267471151,0.019039025,0,0,0
0.863830557,0.26776535,0.019076447,0,0,0
0.864738418,0.268827187,0.019211833,0,0,0
0.865143079,0.269302357,0.01927258,0,0,0
0.86579363,0.270068702,0.019370765,0,0,0
0.865986321,0.270296271,0.019399972,0,0,0
0.867142747,0.271667642,0.019576468,0,0,0
0.867198029,0.271733442,0.019584958,0,0,0
0.867263579,0.271811493,0.01959503,0,0,0
0.868113277,0.272826069,0.019726214,0,0,0
0.868251711,0.272991867,0.019747696,0,0,0
0.868770048,0.273613922,0.019828401,0,0,0
0.869451444,0.274434695,0.019935155,0,0,0
0.869519902,0.274517347,0.019945922,0,0,0
0.869931149,0.275014603,0.020010763,0,0,0
0.870273076,0.275429009,0.020064886,0,0,0
0.872093371,0.277650107,0.02035629,0,0,0
0.87329548,0.27913089,0.020551806,0,0,0
0.873586943,0.279491619,0.020599585,0,0,0
0.873803017,0.279759474,0.020635102,0,0,0
0.873941884,0.279931814,0.02065797,0,0,0
0.8741679,0.280212635,0.020695263,0,0,0
0.875413832,0.281767976,0.020902458,0,0,0
0.875868061,0.282338102,0.020978683,0,0,0
0.875869711,0.282340175,0.020978961,0,0,0
0.8771125,0.283908634,0.021189429,0,0,0
0.877427688,0.284308425,0.021243256,0,0,0
0.877619914,0.284552651,0.021276174,0,0,0
0.877740173,0.284705596,0.021296802,0,0,0
0.878046181,0.285095319,0.021349415,0,0,0
0.878704607,0.285936515,0.021463213,0,0,0
0.878925521,0.286219565,0.021501578,0,0,0
0.879114159,0.286461585,0.02153441,0,0,0
0.879637764,0.287134936,0.021625899,0,0,0
0.879717921,0.287238223,0.021639951,0,0,0
0.880220524,0.287887096,0.021728342,0,0,0
0.880446027,0.288178929,0.021768159,0,0,0
0.880973535,0.2888633,0.021861688,0,0,0
0.881621088,0.289706701,0.021977247,0,0,0
0.881794795,0.289933566,0.022008387,0,0,0
0.882642452,0.291044405,0.022161207,0,0,0
0.882651783,0.291056668,0.022162897,0,0,0
0.882922089,0.291412252,0.022211938,0,0,0
0.883639885,0.292359648,0.022342886,0,0,0
0.883687244,0.292422317,0.022351563,0,0,0
0.884001458,0.29283862,0.022409248,0,0,0
0.884125844,0.293003664,0.022432139,0,0,0
0.884292212,0.293224631,0.022462807,0,0,0
0.885012221,0.294183818,0.022596195,0,0,0
0.885136566,0.294349946,0.02261934,0,0,0
0.886238193,0.295827935,0.022825828,0,0,0
0.886499785,0.296180544,0.022875241,0,0,0
0.887034582,0.296903395,0.022976719,0,0,0
0.887087597,0.296975199,0.022986813,0,0,0
0.887094125,0.296984042,0.022988056,0,0,0
0.887110057,0.297005627,0.022991091,0,0,0
0.887565206,0.297623255,0.023078021,0,0,0
0.887898805,0.298077184,0.023142025,0,0,0
0.887997713,0.29821197,0.023161048,0,0,0
0.888705231,0.299178855,0.023297761,0,0,0
0.88878279,0.299285137,0.023312816,0,0,0
0.888895467,0.299439645,0.023334711,0,0,0
0.890289896,0.301361918,0.023608054,0,0,0
0.89092088,0.302237995,0.023733207,0,0,0
0.891242929,0.302686652,0.023797442,0,0,0
0.891818663,0.303491299,0.023912882,0,0,0
0.891929433,0.303646491,0.023935182,0,0,0
0.892088477,0.303869532,0.023967251,0,0,0
0.892473396,0.304410391,0.024045116,0,0,0
0.894087089,0.306694238,0.024375441,0,0,0
0.894181991,0.306829387,0.024395066,0,0,0
0.894803698,0.307717059,0.024524182,0,0,0
0.895114124,0.308161797,0.024589012,0,0,0
0.895229043,0.308326695,0.024613074,0,0,0
0.8953935,0.308562917,0.024647566,0,0,0
0.895912696,0.309310555,0.024756907,0,0,0
0.896301187,0.309871853,0.024839173,0,0,0
0.896689381,0.310434336,0.024921764,0,0,0
0.897112165,0.311048783,0.025012158,0,0,0
0.897500863,0.311615402,0.025095677,0,0,0
0.897921184,0.312229972,0.025186438,0,0,0
0.898461085,0.313022229,0.025303709,0,0,0
0.89876655,0.313471899,0.025370404,0,0,0
0.898854645,0.313601774,0.025389686,0,0,0
0.899355629,0.314342004,0.025499737,0,0,0
0.899488314,0.314538523,0.025528998,0,0,0
0.899538595,0.314613046,0.025540099,0,0,0
0.900059679,0.315387035,0.025655554,0,0,0
0.900402268,0.315897574,0.025731869,0,0,0
0.900596337,0.316187375,0.025775244,0,0,0
0.901882945,0.31811961,0.026065492,0,0,0
0.902497915,0.319049974,0.026205894,0,0,0
0.902587965,0.31918658,0.026226545,0,0,0
0.902712963,0.31937636,0.026255249,0,0,0
0.903886407,0.321167027,0.026526955,0,0,0
0.904773134,0.322531153,0.026734995,0,0,0
0.90545399,0.323585089,0.026896355,0,0,0
0.906388269,0.325040654,0.027120105,0,0,0
0.906583985,0.325346952,0.027167322,0,0,0
0.906585013,0.325348562,0.027167571,0,0,0
0.907005368,0.326008066,0.027269395,0,0,0
0.907712332,0.327122299,0.027441916,0,0,0
0.907998722,0.327575495,0.027512262,0,0,0
0.90824134,0.327960252,0.027572065,0,0,0
0.909006143,0.329178125,0.027761846,0,0,0
0.909599304,0.330127956,0.027910371,0,0,0
0.909608269,0.330142347,0.027912624,0,0,0
0.910348998,0.331335126,0.028099785,0,0,0
0.910808719,0.332079106,0.028216885,0,0,0
0.911243182,0.332784838,0.028328221,0,0,0
0.911453375,0.333127195,0.028382322,0,0,0
0.911885464,0.333832874,0.028494021,0,0,0
0.912323755,0.334551315,0.028607998,0,0,0
0.912392224,0.334663788,0.028625864,0,0,0
0.91326073,0.33609618,0.028853964,0,0,0
0.913324812,0.336202288,0.028870902,0,0,0
0.914901017,0.338830685,0.029292299,0,0,0
0.915460369,0.339772082,0.029444082,0,0,0
0.915702289,0.340180661,0.029510099,0,0,0
0.916136258,0.340915766,0.029629088,0,0,0
0.916246729,0.341103341,0.029659495,0,0,0
0.91729095,0.342885448,0.029949277,0,0,0
0.919120421,0.346047958,0.030467539,0,0,0
0.919131836,0.346067855,0.030470816,0,0,0
0.91930354,0.346367384,0.030520172,0,0,0
0.920369463,0.348237346,0.030829354,0,0,0
0.921142478,0.349604929,0.03105662,0,0,0
0.921812928,0.350799002,0.031255849,0,0,0
0.923128025,0.353163014,0.031652477,0,0,0
0.923256131,0.353394864,0.031691534,0,0,0
0.923414978,0.353682739,0.031740068,0,0,0
0.924505075,0.355670089,0.032076314,0,0,0
0.924528096,0.355712283,0.032083476,0,0,0
0.924634408,0.355907253,0.03211658,0,0,0
0.924914265,0.356421449,0.032203982,0,0,0
0.925219745,0.35698431,0.032299816,0,0,0
0.925883144,0.358212401,0.032509497,0,0,0
0.926058852,0.358539004,0.032565395,0,0,0
0.926836839,0.359991878,0.032814742,0,0,0
0.927715504,0.361646218,0.033100035,0,0,0
0.927821866,0.361847456,0.033134838,0,0,0
0.929313194,0.364691763,0.033629078,0,0,0
0.929611575,0.365266006,0.03372939,0,0,0
0.929674562,0.365387448,0.033750626,0,0,0
0.929873674,0.365771863,0.033817902,0,0,0
0.931121096,0.368198138,0.034244367,0,0,0
0.93197412,0.369875432,0.034541053,0,0,0
0.932550573,0.37101742,0.034743931,0,0,0
0.932887715,0.371688545,0.034863491,0,0,0
0.932979433,0.371871536,0.034896133,0,0,0
0.934377213,0.374682614,0.035399893,0,0,0
0.934411503,0.374752106,0.035412401,0,0,0
0.934648142,0.375232386,0.035498924,0,0,0
0.934648292,0.375232692,0.035498979,0,0,0
0.935353701,0.376671742,0.035758989,0,0,0
0.935461031,0.376891672,0.035798827,0,0,0
0.936163482,0.378337486,0.036061393,0,0,0
0.936285205,0.378589164,0.036107217,0,0,0
0.936619698,0.379282525,0.036233645,0,0,0
0.936880495,0.379824919,0.036332732,0,0,0
0.938086337,0.382353528,0.036796843,0,0,0
0.938128856,0.382443319,0.03681339,0,0,0
0.938219653,0.382635211,0.036848767,0,0,0
0.939348118,0.385036832,0.037293283,0,0,0
0.939636021,0.385654573,0.037408148,0,0,0
0.939732938,0.385862988,0.03744695,0,0,0
0.939943178,0.386315909,0.037531359,0,0,0
0.940140286,0.386741551,0.03761079,0,0,0
0.941153116,0.388944309,0.038023507,0,0,0
0.941303613,0.389273879,0.038085494,0,0,0
0.94189981,0.390585303,0.038332772,0,0,0
0.942048157,0.390913074,0.03839473,0,0,0
0.942302479,0.391476361,0.03850135,0,0,0
0.942372904,0.391632648,0.038530965,0,0,0
0.942527472,0.391976132,0.038596102,0,0,0
0.943373647,0.393868026,0.038956089,0,0,0
0.943436834,0.394010088,0.038983204,0,0,0
0.943811146,0.394853923,0.039144506,0,0,0
0.944641793,0.396740554,0.039506638,0,0,0
0.944826411,0.397162539,0.03958792,0,0,0
0.945389481,0.398455642,0.039837644,0,0,0
0.945400785,0.398481695,0.039842686,0,0,0
0.945763414,0.3993195,0.040005019,0,0,0
0.946290362,0.400543883,0.040242996,0,0,0
0.947077484,0.402388356,0.040603167,0,0,0
0.947181486,0.402633478,0.040651184,0,0,0
0.947883765,0.40429747,0.040978082,0,0,0
0.947903007,0.404343277,0.040987105,0,0,0
0.948391291,0.405509656,0.041217259,0,0,0
0.948731895,0.406327772,0.041379177,0,0,0
0.949080094,0.407168005,0.04154589,0,0,0
0.949340849,0.40779982,0.041671528,0,0,0
0.949383426,0.407903195,0.041692108,0,0,0
0.950074892,0.409590498,0.042028915,0,0,0
0.950332793,0.410223929,0.0421558,0,0,0
0.95058208,0.41083835,0.042279108,0,0,0
0.950593325,0.410866117,0.042284686,0,0,0
0.952033004,0.414457238,0.043010035,0,0,0
0.952076459,0.41456677,0.043032282,0,0,0
0.952943631,0.416766883,0.04348071,0,0,0
0.953151083,0.417297305,0.043589266,0,0,0
0.953154706,0.417306582,0.043591167,0,0,0
0.953608386,0.418472231,0.043830344,0,0,0
0.953736191,0.418802004,0.043898162,0,0,0
0.95378237,0.418921311,0.043922714,0,0,0
0.953792418,0.418947281,0.04392806,0,0,0
0.954799221,0.421569221,0.044469901,0,0,0
0.954810962,0.42160003,0.044476293,0,0,0
0.955133714,0.422449086,0.04465269,0,0,0
0.955900245,0.424482321,0.045076943,0,0,0
0.956179888,0.425230039,0.045233614,0,0,0
0.956557023,0.426243562,0.045446543,0,0,0
0.956673108,0.426556732,0.045512468,0,0,0
0.956864126,0.427073285,0.045621341,0,0,0
0.957674505,0.429282079,0.046088798,0,0,0
0.957716262,0.429396664,0.046113133,0,0,0
0.958062229,0.430348974,0.046315703,0,0,0
0.958472597,0.431485445,0.046558205,0,0,0
0.958648426,0.4319747,0.046662859,0,0,0
0.959291953,0.433777385,0.047049789,0,0,0
0.960116569,0.436115561,0.047554786,0,0,0
0.960135763,0.43617037,0.047566667,0,0,0
0.960624815,0.437572882,0.047871335,0,0,0
0.960989833,0.438627315,0.048101235,0,0,0
0.96110487,0.438960992,0.048174139,0,0,0
0.961202451,0.439244555,0.048236152,0,0,0
0.961260243,0.439412721,0.048272953,0,0,0
0.961278556,0.439466041,0.048284625,0,0,0
0.962290172,0.442438176,0.048938218,0,0,0
0.962719407,0.443715372,0.049220877,0,0,0
0.962842447,0.444083288,0.049302503,0,0,0
0.963070387,0.444767027,0.049454436,0,0,0
0.963342623,0.445587337,0.049637128,0,0,0
0.963575143,0.446291193,0.049794244,0,0,0
0.963761359,0.446857043,0.049920794,0,0,0
0.964072028,0.447805385,0.05013337,0,0,0
0.964089807,0.447859824,0.050145591,0,0,0
0.964249505,0.448349599,0.050255632,0,0,0
0.964256586,0.448371351,0.050260522,0,0,0
0.964346904,0.448649027,0.050322986,0,0,0
0.965061301,0.450862032,0.050822664,0,0,0
0.965113067,0.45102355,0.050859264,0,0,0
0.965272088,0.451520724,0.050972033,0,0,0
0.966309905,0.454803055,0.051720773,0,0,0
0.966368572,0.454990592,0.051763775,0,0,0
0.966422666,0.4551637,0.051803491,0,0,0
0.966556004,0.455591191,0.051901657,0,0,0
0.967380105,0.45825864,0.052517045,0,0,0
0.96773185,0.459410722,0.052784362,0,0,0
0.969628859,0.465771135,0.05427693,0,0,0
0.970341042,0.468226358,0.054860762,0,0,0
0.970544582,0.468935146,0.055030109,0,0,0
0.970630135,0.469234028,0.055101628,0,0,0
0.970813248,0.469875658,0.055255379,0,0,0
0.971009322,0.47056563,0.055421046,0,0,0
0.972014764,0.474152558,0.056287857,0,0,0
0.972093393,0.474436597,0.056356899,0,0,0
0.972186048,0.474771972,0.056438494,0,0,0
0.97265406,0.476477242,0.056854658,0,0,0
0.972654151,0.476477578,0.056854741,0,0,0
0.972688139,0.476602158,0.056885228,0,0,0
0.972860197,0.477234375,0.05704012,0,0,0
0.973168026,0.478372027,0.057319589,0,0,0
0.973368483,0.479117436,0.057503222,0,0,0
0.973485777,0.479555299,0.057611283,0,0,0
0.973571141,0.479874756,0.057690212,0,0,0
0.973710964,0.480399471,0.057820021,0,0,0
0.97450432,0.483411604,0.05856918,0,0,0
0.974527764,0.483501533,0.058591651,0,0,0
0.97464917,0.483968106,0.058708337,0,0,0
0.975014645,0.485381462,0.059062809,0,0,0
0.975051804,0.485525914,0.059099124,0,0,0
0.975554671,0.487494598,0.059595621,0,0,0
0.975918101,0.48893379,0.059960458,0,0,0
0.976551859,0.491477491,0.060609189,0,0,0
0.97665897,0.491911776,0.060720447,0,0,0
0.976738776,0.492236192,0.060803653,0,0,0
0.976803005,0.492497808,0.060870813,0,0,0
0.976822824,0.492578626,0.06089157,0,0,0
0.976826467,0.492593489,0.060895388,0,0,0
0.976844199,0.492665844,0.060913977,0,0,0
0.977078094,0.493623617,0.061160427,0,0,0
0.977727769,0.496317495,0.061857455,0,0,0
0.977945376,0.497231118,0.062095149,0,0,0
0.978245208,0.498499526,0.06242624,0,0,0
0.978656491,0.500257855,0.062887333,0,0,0
0.979351144,0.503277822,0.06368505,0,0,0
0.979414193,0.503555136,0.06375867,0,0,0
0.979668339,0.504678534,0.064057543,0,0,0
0.979960059,0.505979186,0.064404856,0,0,0
0.98023194,0.507202357,0.064732739,0,0,0
0.980750517,0.509565632,0.065369719,0,0,0
0.980875062,0.510139267,0.065525027,0,0,0
0.98141688,0.512663013,0.066211567,0,0,0
0.982319634,0.51697456,0.067396804,0,0,0
0.98234475,0.517096502,0.067430554,0,0,0
0.982628544,0.518482117,0.067814946,0,0,0
0.9827895,0.519274402,0.068035475,0,0,0
0.983437833,0.522514425,0.068942944,0,0,0
0.983595412,0.523314071,0.069168308,0,0,0
0.984136705,0.526098707,0.069957458,0,0,0
0.984136945,0.526099958,0.069957814,0,0,0
0.984189939,0.526375809,0.070036359,0,0,0
0.984292,0.526908733,0.070188293,0,0,0
0.984334365,0.52713059,0.070251617,0,0,0
0.984596247,0.528510556,0.070646476,0,0,0
0.984623553,0.5286553,0.070687991,0,0,0
0.984658659,0.528841625,0.070741459,0,0,0
0.984831016,0.529760368,0.071005553,0,0,0
0.984857542,0.529902348,0.071046433,0,0,0
0.985161659,0.531541552,0.071519708,0,0,0
0.985336987,0.532496271,0.07179647,0,0,0
0.985417209,0.532935516,0.071924078,0,0,0
0.985461713,0.533179856,0.071995138,0,0,0
0.985486401,0.533315606,0.07203464,0,0,0
0.986010626,0.53623326,0.072887718,0,0,0
0.986089579,0.536678645,0.073018626,0,0,0
0.986172949,0.53715069,0.073157568,0,0,0
0.986295133,0.537845764,0.073362529,0,0,0
0.986396292,0.538424203,0.073533438,0,0,0
0.986548468,0.539299509,0.073792647,0,0,0
0.98690186,0.541356609,0.074404631,0,0,0
0.987014993,0.542022553,0.074603594,0,0,0
0.987144929,0.542791942,0.074833982,0,0,0
0.987231487,0.543307201,0.074988583,0,0,0
0.987270535,0.54354037,0.075058627,0,0,0
0.987304677,0.543744608,0.075120021,0,0,0
0.987341808,0.543967127,0.075186956,0,0,0
0.987477462,0.544783583,0.075432952,0,0,0
0.987532892,0.545118796,0.075534134,0,0,0
0.987698479,0.546125839,0.075838745,0,0,0
0.987869948,0.547177689,0.076157942,0,0,0
0.987928477,0.547538873,0.076267792,0,0,0
0.98792992,0.547547792,0.076270506,0,0,0
0.987972133,0.547808993,0.076350028,0,0,0
0.988036269,0.548206955,0.076471311,0,0,0
0.988147475,0.548900184,0.076682944,0,0,0
0.98862444,0.551920832,0.077610535,0,0,0
0.98870538,0.552441296,0.077771257,0,0,0
0.988803549,0.553075706,0.077967526,0,0,0
0.988928659,0.553889307,0.078219809,0,0,0
0.988967271,0.554141575,0.078298165,0,0,0
0.989332638,0.556556578,0.079051466,0,0,0
0.989388594,0.556931008,0.07916878,0,0,0
0.989464753,0.557442617,0.079329298,0,0,0
0.98965112,0.558704437,0.079726317,0,0,0
0.989763967,0.559475437,0.079969692,0,0,0
0.989929115,0.560613434,0.080330009,0,0,0
0.989947453,0.56074052,0.080370329,0,0,0
0.989954506,0.560789435,0.080385852,0,0,0
0.98995537,0.560795431,0.080387756,0,0,0
0.989972109,0.560911618,0.080424638,0,0,0
0.990042893,0.561404283,0.080581184,0,0,0
0.990073329,0.5616168,0.080648788,0,0,0
0.99011919,0.561937793,0.080750986,0,0,0
0.990247336,0.5628397,0.0810387,0,0,0
0.990397315,0.563904753,0.081379531,0,0,0
0.990460648,0.564357636,0.081524812,0,0,0
0.990761178,0.566532771,0.082225531,0,0,0
0.991026776,0.568492273,0.082860995,0,0,0
0.991145858,0.569382628,0.083151064,0,0,0
0.991216107,0.569911386,0.083323724,0,0,0
0.992022234,0.576178026,0.085392693,0,0,0
0.99227053,0.578187536,0.086065117,0,0,0
0.992350592,0.578844076,0.086285766,0,0,0
0.992420208,0.579418459,0.086479193,0,0,0
0.992451593,0.579678484,0.086566877,0,0,0
0.992731586,0.582028682,0.087362795,0,0,0
0.992880497,0.583301688,0.08779648,0,0,0
0.993006003,0.584387585,0.088167858,0,0,0
0.993104499,0.585248329,0.088463178,0,0,0
0.993246399,0.586501965,0.0888948,0,0,0
0.993263369,0.586652985,0.088946917,0,0,0
0.993294213,0.586928081,0.089041918,0,0,0
0.993314087,0.587105756,0.089103322,0,0,0
0.993380993,0.587706332,0.089311146,0,0,0
0.993478733,0.588590522,0.089617865,0,0,0
0.993509558,0.588871093,0.089715381,0,0,0
0.993563399,0.589363152,0.089886621,0,0,0
0.993916534,0.592655919,0.091039758,0,0,0
0.993920616,0.592694675,0.091053405,0,0,0
0.993925415,0.592740252,0.091069458,0,0,0
0.993993418,0.593388518,0.091298039,0,0,0
0.994107995,0.594491183,0.091687981,0,0,0
0.994201176,0.595397837,0.092009684,0,0,0
0.99445413,0.597905772,0.092904667,0,0,0
0.994674486,0.600149234,0.093711683,0,0,0
0.994676003,0.600164881,0.093717333,0,0,0
0.994688283,0.600291608,0.093763104,0,0,0
0.994763714,0.601074112,0.094046159,0,0,0
0.994818166,0.601643344,0.094252537,0,0,0
0.994822362,0.601687368,0.094268515,0,0,0
0.994913301,0.602646892,0.094617349,0,0,0
0.995065951,0.604281842,0.09521435,0,0,0
0.995156736,0.605269175,0.095576481,0,0,0
0.995235022,0.606129856,0.095893152,0,0,0
0.995248722,0.606281381,0.095948999,0,0,0
0.995533416,0.609493645,0.097139745,0,0,0
0.995728562,0.611769805,0.097991449,0,0,0
0.9957549,0.612081929,0.098108761,0,0,0
0.995790739,0.612508598,0.098269329,0,0,0
0.995916708,0.614026433,0.09884245,0,0,0
0.99610277,0.616322607,0.099715194,0,0,0
0.996165462,0.617111607,0.100016688,0,0,0
0.996210906,0.617688563,0.100237678,0,0,0
0.996258569,0.618298337,0.100471721,0,0,0
0.996318173,0.619067713,0.100767731,0,0,0
0.996425228,0.620469295,0.101309021,0,0,0
0.99663627,0.623310745,0.10241456,0,0,0
0.99663686,0.62331884,0.102417726,0,0,0
0.996654386,0.623559775,0.102511978,0,0,0
0.996740761,0.624758772,0.102982206,0,0,0
0.996764753,0.625095303,0.103114546,0,0,0
0.996843413,0.626209701,0.103553902,0,0,0
0.99703803,0.629043271,0.104678875,0,0,0
0.997041737,0.629098359,0.104700859,0,0,0
0.997083479,0.629721574,0.104949854,0,0,0
0.997236373,0.63205296,0.105886239,0,0,0
0.997276407,0.632676603,0.106138044,0,0,0
0.997293707,0.632947876,0.106247751,0,0,0
0.997515482,0.636525271,0.107704531,0,0,0
0.997570657,0.637445914,0.108082479,0,0,0
0.997644171,0.638693037,0.108596467,0,0,0
0.997714176,0.639903348,0.10909751,0,0,0
0.997842238,0.642178632,0.11004542,0,0,0
0.997885605,0.642968138,0.110376181,0,0,0
0.997980759,0.644736552,0.111120531,0,0,0
0.998048495,0.646027278,0.111666876,0,0,0
0.998085921,0.646752463,0.111974977,0,0,0
0.998163904,0.648292394,0.112631974,0,0,0
0.998379167,0.652767291,0.114562602,0,0,0
0.998441174,0.654124512,0.11515456,0,0,0
0.998449669,0.654313078,0.115237043,0,0,0
0.998546386,0.656506795,0.116200936,0,0,0
0.998586447,0.657442148,0.116614352,0,0,0
0.998676282,0.65960164,0.117574443,0,0,0
0.998713966,0.660534789,0.117991759,0,0,0
0.998742609,0.661255557,0.118315115,0,0,0
0.998817267,0.663183892,0.119184617,0,0,0
0.998947865,0.666749275,0.120809376,0,0,0
0.998993265,0.668053417,0.121409304,0,0,0
0.999077434,0.670572347,0.122576726,0,0,0
0.999155546,0.673042489,0.12373279,0,0,0
0.999171421,0.67356187,0.123977303,0,0,0
0.999195147,0.674349883,0.124349243,0,0,0
0.999300035,0.678020683,0.126097284,0,0,0
0.999361147,0.680321485,0.127206087,0,0,0
0.999422572,0.682778347,0.128401516,0,0,0
0.999452119,0.684019131,0.129009785,0,0,0
0.999454045,0.684101464,0.129050255,0,0,0
0.999471074,0.684837467,0.129412644,0,0,0
0.999564009,0.68914413,0.131555215,0,0,0
0.999595508,0.690734742,0.132356239,0,0,0
0.999642503,0.693260852,0.133639345,0,0,0
0.999656406,0.694048139,0.134042023,0,0,0
0.999661306,0.694330486,0.134186762,0,0,0
0.999663785,0.694474271,0.134260536,0,0,0
0.999682493,0.695581825,0.134830313,0,0,0
0.999695226,0.696359549,0.135232009,0,0,0
0.999774764,0.701760059,0.138058451,0,0,0
0.999776425,0.701884927,0.138124581,0,0,0
0.999780632,0.702203883,0.138293664,0,0,0
0.9997821,0.702316091,0.138353203,0,0,0
0.999806484,0.70425487,0.13938653,0,0,0
0.999812955,0.704795309,0.139676131,0,0,0
0.999816489,0.705095485,0.139837279,0,0,0
0.999818605,0.705276951,0.139934801,0,0,0
0.999839558,0.707152087,0.140947085,0,0,0
0.999864228,0.709572975,0.142266437,0,0,0
0.999876788,0.710915032,0.143003978,0,0,0
0.999880586,0.711338021,0.143237354,0,0,0
0.99988464,0.711799153,0.143492278,0,0,0
0.999886878,0.712058128,0.143635677,0,0,0
0.999903623,0.714109439,0.144777449,0,0,0
0.999919364,0.716258753,0.145985202,0,0,0
0.999919412,0.716265594,0.145989064,0,0,0
0.999945827,0.7205883,0.14845447,0,0,0
0.999966133,0.724974856,0.151007437,0,0,0
0.999970246,0.72606191,0.151648299,0,0,0
0.999972741,0.726769442,0.1520672,0,0,0
0.999981326,0.72958838,0.153750328,0,0,0
0.999985627,0.73133244,0.154803183,0,0,0
0.999987743,0.732318045,0.155402132,0,0,0
0.999994746,0.736738803,0.158124591,0,0,0
0.999996687,0.738654901,0.159323303,0,0,0
0.999996917,0.738927522,0.159494794,0,0,0
0.99999762,0.739854092,0.160079416,0,0,0
0.999998903,0.742186558,0.161563325,0,0,0
0.999998915,0.742214817,0.161581412,0,0,0
0.999999165,0.742872913,0.162003361,0,0,0
0.999999601,0.744439091,0.163013309,0,0,0
0.999999969,0.747644009,0.165105792,0,0,0
0.999999996,0.748830877,0.165889671,0,0,0
1,0.749786538,0.16652444,0,0,0
1,0.750827806,0.167219758,2.25E-10,0,0
1,0.753679674,0.169144033,2.00E-08,0,0
1,0.754620052,0.169785002,3.97E-08,0,0
1,0.754888846,0.169968808,4.71E-08,0,0
1,0.755373133,0.17030064,6.26E-08,0,0
1,0.757373629,0.17168053,1.63E-07,0,0
1,0.758016513,0.172127126,2.10E-07,0,0
1,0.761177868,0.174345813,5.77E-07,0,0
1,0.763078653,0.175698086,9.32E-07,0,0
1,0.763672399,0.17612334,1.07E-06,0,0
1,0.764134212,0.176455044,1.18E-06,0,0
1,0.764178631,0.176486992,1.19E-06,0,0
1,0.769053484,0.180040227,2.96E-06,0,0
1,0.769520266,0.180385406,3.19E-06,0,0
1,0.769997393,0.18073914,3.43E-06,0,0
1,0.771527465,0.181879709,4.31E-06,0,0
1,0.774844267,0.184385017,6.72E-06,0,0
1,0.774858768,0.18439607,6.73E-06,0,0
1,0.774982886,0.18449071,6.84E-06,0,0
1,0.774984888,0.184492237,6.84E-06,0,0
1,0.777608718,0.186508044,9.33E-06,0,0
1,0.777891433,0.186726979,9.63E-06,0,0
1,0.778464642,0.187171912,1.03E-05,0,0
1,0.778769177,0.187408866,1.06E-05,0,0
1,0.778778328,0.187415992,1.06E-05,0,0
1,0.779316593,0.187835799,1.13E-05,0,0
1,0.781138753,0.189266196,1.36E-05,0,0
1,0.781335768,0.189421714,1.39E-05,0,0
1,0.784586443,0.192012229,1.89E-05,0,0
1,0.785394275,0.192663251,2.04E-05,0,0
1,0.785695069,0.192906402,2.09E-05,0,0
1,0.789076178,0.195667669,2.78E-05,0,0
1,0.789179729,0.195753059,2.81E-05,0,0
1,0.792412151,0.198443498,3.62E-05,0,0
1,0.792539416,0.198550422,3.65E-05,0,0
1,0.796743491,0.202125823,4.94E-05,0,0
1,0.797711143,0.202960821,5.28E-05,0,0
1,0.797828434,0.203062343,5.32E-05,0,0
1,0.79828344,0.203456815,5.48E-05,0,0
1,0.798789665,0.203896885,5.67E-05,0,0
1,0.801611719,0.206373423,6.80E-05,0,0
1,0.803198673,0.207783635,7.51E-05,0,0
1,0.803512297,0.208063843,7.65E-05,0,0
1,0.805158718,0.209543112,8.45E-05,0,0
1,0.806088819,0.210384972,8.92E-05,0,0
1,0.808749823,0.212818521,0.000103887,0,0
1,0.81080801,0.214726574,0.00011637,0,0
1,0.810876407,0.214790373,0.000116802,0,0
1,0.813061757,0.216842207,0.00013126,0,0
1,0.813758848,0.217502218,0.000136135,0,0
1,0.815101805,0.218781337,0.000145903,0,0
1,0.81514346,0.218821173,0.000146214,0,0
1,0.816537735,0.220160179,0.000156908,0,0
1,0.816593922,0.220214369,0.000157351,0,0
1,0.817548741,0.221137988,0.000165016,0,0
1,0.81866943,0.222228702,0.000174362,0,0
1,0.819166844,0.222715127,0.000178634,0,0
1,0.819229994,0.222776985,0.000179182,0,0
1,0.819921311,0.223455662,0.000185261,0,0
1,0.82002728,0.223559939,0.000186206,0,0
1,0.82026556,0.223794654,0.000188344,0,0
1,0.827763496,0.231353373,0.000265532,0,0
1,0.828215632,0.231820146,0.000270843,0,0
1,0.829326801,0.23297273,0.000284235,0,0
1,0.82961479,0.233272722,0.000287787,0,0
1,0.830418816,0.234113044,0.00029788,0,0
1,0.831094421,0.234822335,0.000306567,0,0
1,0.831673344,0.235432451,0.000314162,0,0
1,0.832208137,0.235997981,0.000321305,0,0
1,0.832353384,0.236151895,0.000323266,0,0
1,0.833919954,0.237820687,0.000345004,0,0
1,0.833991412,0.237897192,0.000346021,0,0
1,0.83791687,0.242152142,0.000405544,0,0
1,0.837965891,0.242205936,0.000406333,0,0
1,0.838471512,0.242761736,0.00041455,0,0
1,0.839242236,0.243612328,0.000427319,0,0
1,0.839553511,0.243957023,0.000432562,0,0
1,0.842295277,0.247022401,0.000480923,0,0
1,0.843267995,0.248122716,0.000499052,0,0
1,0.844799811,0.249869275,0.000528677,0,0
1,0.848303375,0.253928742,0.000601615,0,0
1,0.84871038,0.254406272,0.000610575,0,0
1,0.850514048,0.256537656,0.00065156,0,0
1,0.850602585,0.256642923,0.000653626,0,0
1,0.852057581,0.258381562,0.000688335,0,0
1,0.85236722,0.258753697,0.000695907,0,0
1,0.853173655,0.259726444,0.000715937,0,0
1,0.855271978,0.262281786,0.000770217,0,0
1,0.855746198,0.262864208,0.000782927,0,0
1,0.857247747,0.264720492,0.000824287,0,0
1,0.857574347,0.26512671,0.000833512,0,0
1,0.85992605,0.268078056,0.000902415,0,0
1,0.860060302,0.26824795,0.000906483,0,0
1,0.861089162,0.269555077,0.000938154,0,0
1,0.861296827,0.269820012,0.000944654,0,0
1,0.861450376,0.270016146,0.000949483,0,0
1,0.862377476,0.271204719,0.000979071,0,0
1,0.86558947,0.275381249,0.00108745,0,0
1,0.866088413,0.276038332,0.001105133,0,0
1,0.866453422,0.276520466,0.001118218,0,0
1,0.866745843,0.2769076,0.001128793,0,0
1,0.871580121,0.283423526,0.001315934,0,0
1,0.872109582,0.284150733,0.001337906,0,0
1,0.873461033,0.286019405,0.001395381,0,0
1,0.873504952,0.286080434,0.001397283,0,0
1,0.874965035,0.28812036,0.001461759,0,0
1,0.875703857,0.289160788,0.001495324,0,0
1,0.878960279,0.293813679,0.001651124,0,0
1,0.881693337,0.29780561,0.001792314,0,0
1,0.881827777,0.298004073,0.001799517,0,0
1,0.886408886,0.304888214,0.002060303,0,0
1,0.887098743,0.305945809,0.002102272,0,0
1,0.888099101,0.307489425,0.002164451,0,0
1,0.888357985,0.307890845,0.0021808,0,0
1,0.888770238,0.308531741,0.002207058,0,0
1,0.889034594,0.308943796,0.002224041,0,0
1,0.897026168,0.321815426,0.002794929,0,0
1,0.89848875,0.324262263,0.002912485,0,0
1,0.898838799,0.324852263,0.002941272,0,0
1,0.898957474,0.325052676,0.002951089,0,0
1,0.902762661,0.331585164,0.003282043,0,0
1,0.906164823,0.337607403,0.003606269,0,0
1,0.906652505,0.338485291,0.00365509,0,0
1,0.906858738,0.338857665,0.003675919,0,0
1,0.906879557,0.338895294,0.003678027,0,0
1,0.907868885,0.340691363,0.00377954,0,0
1,0.907907281,0.340761384,0.003783532,0,0
1,0.909475057,0.343640981,0.003949915,0,0
1,0.91037441,0.345311154,0.004048422,0,0
1,0.912186098,0.3487171,0.004253906,0,0
1,0.914498276,0.353146883,0.004530499,0,0
1,0.914511853,0.353173177,0.004532173,0,0
1,0.914796251,0.3537247,0.004567364,0,0
1,0.915912677,0.355904017,0.00470805,0,0
1,0.917700554,0.359442347,0.004942047,0,0
1,0.917800516,0.359641967,0.004955456,0,0
1,0.917832176,0.359705229,0.00495971,0,0
1,0.91825699,0.360555966,0.005017133,0,0
1,0.918288026,0.360618255,0.005021354,0,0
1,0.918357532,0.360757822,0.005030818,0,0
1,0.919087532,0.362229328,0.005131266,0,0
1,0.920313491,0.364724209,0.005304358,0,0
1,0.922378542,0.368995417,0.005608905,0,0
1,0.927257094,0.379447528,0.006398744,0,0
1,0.927744581,0.380521314,0.006483535,0,0
1,0.928331152,0.381820719,0.006587064,0,0
1,0.92835991,0.381884633,0.006592183,0,0
1,0.928715864,0.382677371,0.006655871,0,0
1,0.929640032,0.384749739,0.006824154,0,0
1,0.930899726,0.387608068,0.007060532,0,0
1,0.931716078,0.38948157,0.007218175,0,0
1,0.932679841,0.391715268,0.00740895,0,0
1,0.935302027,0.397916761,0.007954885,0,0
1,0.937310652,0.402795413,0.008401432,0,0
1,0.937425144,0.403076977,0.008427669,0,0
1,0.938305156,0.40525398,0.008632247,0,0
1,0.939012602,0.407020789,0.008800532,0,0
1,0.939447622,0.408114751,0.008905749,0,0
1,0.940858765,0.411703682,0.009256436,0,0
1,0.941386586,0.413062225,0.009391401,0,0
1,0.942367473,0.415610859,0.009647905,0,0
1,0.944403075,0.421002524,0.010204921,0,0
1,0.94512131,0.422939076,0.010409803,0,0
1,0.945232518,0.423240558,0.01044193,0,0
1,0.946343428,0.426276744,0.010768965,0,0
1,0.946547805,0.426840241,0.010830361,0,0
1,0.947714393,0.430086692,0.01118839,0,0
1,0.948236927,0.431557693,0.011353046,0,0
1,0.949120524,0.434069474,0.011637733,0,0
1,0.949139408,0.434123494,0.011643905,0,0
1,0.949591793,0.435421888,0.011792872,0,0
1,0.953295197,0.446375009,0.013097965,0,0
1,0.954589424,0.450347086,0.013593023,0,0
1,0.955678222,0.453750568,0.014026622,0,0
1,0.955862427,0.454332134,0.014101589,0,0
1,0.957181534,0.458546962,0.014652616,0,0
1,0.958285251,0.462143404,0.015133617,0,0
1,0.958339496,0.46232185,0.015157744,0,0
1,0.95858468,0.463130424,0.015267383,0,0
1,0.959970447,0.467763641,0.015905537,0,0
1,0.960185945,0.468494022,0.016007686,0,0
1,0.960195696,0.468527135,0.016012327,0,0
1,0.960244425,0.468692694,0.016035545,0,0
1,0.961717188,0.473763531,0.016757328,0,0
1,0.961751333,0.473882666,0.016774535,0,0
1,0.962000876,0.47475556,0.016900962,0,0
1,0.962992979,0.478265096,0.01741555,0,0
1,0.964363555,0.483220317,0.018159422,0,0
1,0.965513583,0.487478728,0.018815118,0,0
1,0.965884561,0.488872835,0.019033119,0,0
1,0.966532417,0.491332102,0.019421737,0,0
1,0.972085188,0.513843568,0.023227194,0,0
1,0.972130568,0.514039292,0.023262302,0,0
1,0.972865623,0.517239163,0.023841374,0,0
1,0.973241424,0.51889716,0.02414522,0,0
1,0.97360178,0.520501425,0.024441709,0,0
1,0.973681468,0.520858123,0.024507966,0,0
1,0.973770544,0.521257682,0.024582329,0,0
1,0.974992561,0.526831024,0.025635685,0,0
1,0.975326062,0.528382811,0.025934363,0,0
1,0.975411002,0.528780218,0.026011235,0,0
1,0.975935972,0.531256426,0.026493738,0,0
1,0.978277562,0.542749868,0.028814247,0,0
1,0.978848173,0.545670739,0.029425654,0,0
1,0.979081286,0.546878591,0.029681107,0,0
1,0.979792721,0.5506191,0.030482029,0,0
1,0.980726605,0.555659474,0.031585092,0,0
1,0.981376452,0.559259572,0.032389969,0,0
1,0.981727968,0.561240369,0.03283895,0,0
1,0.981945713,0.562479553,0.033122066,0,0
1,0.982183212,0.563842032,0.033435347,0,0
1,0.982256196,0.56426304,0.033532576,0,0
1,0.982556313,0.566005909,0.033937224,0,0
1,0.984704471,0.579072645,0.037083293,0,0
1,0.985699273,0.585517408,0.038710179,0,0
1,0.986238647,0.589129824,0.039644525,0,0
1,0.98991264,0.616468602,0.047268114,0,0
1,0.990066309,0.6177379,0.047646955,0,0
1,0.990397098,0.620511914,0.048482965,0,0
1,0.990936977,0.625168719,0.04991163,0,0
1,0.991956994,0.634455998,0.05285791,0,0
1,0.992582764,0.640516288,0.054852483,0,0
1,0.992929162,0.644006347,0.05602777,0,0
1,0.993204563,0.646856377,0.057002272,0,0
1,0.993389838,0.648813624,0.057679297,0,0
1,0.993632597,0.651429472,0.05859417,0,0
1,0.993876232,0.654116615,0.059546081,0,0
1,0.994853438,0.665604426,0.063758156,0,0
1,0.994866044,0.665760938,0.06381718,0,0
1,0.996052588,0.681689881,0.07006668,0,0
1,0.997645547,0.708585071,0.081805919,0,0
1,0.997941154,0.714716751,0.084713208,0,0
1,0.998972786,0.741792559,0.098725009,0,0
1,0.999180348,0.749112362,0.102875917,0,0
1,0.999309319,0.75425085,0.105891884,0,0
1,0.999631318,0.770434404,0.115986482,0,0
1,0.999698498,0.774848843,0.118909263,0,0
1,0.999715859,0.77608705,0.119742984,0,0
1,0.999794833,0.78241192,0.124100449,0,0
1,0.999800501,0.782920539,0.124458222,0,0
1,0.99984056,0.786802942,0.127226602,0,0
1,0.999923364,0.797449049,0.135175455,0,0
1,0.999957965,0.804269414,0.140565011,0,0
1,0.999963288,0.80561141,0.141654758,0,0
1,0.999984508,0.812785086,0.147653369,0,0
1,0.999985792,0.813389845,0.148172913,0,0
1,0.999989375,0.815289465,0.149819431,0,0
1,0.999996073,0.820503306,0.154455956,0,0
1,0.999997372,0.822143662,0.155951632,0,0
1,0.9999987,0.824521549,0.1581525,0,0
1,1,0.840895593,0.17446302,9.06E-07,0
1,1,0.845826023,0.179808188,4.21E-06,0
1,1,0.846232525,0.180258499,4.65E-06,0
1,1,0.848576327,0.182884173,7.79E-06,0
1,1,0.860888774,0.197540018,5.00E-05,0
1,1,0.866651615,0.20493439,9.19E-05,0
1,1,0.87152611,0.211478102,0.000143463,0
1,1,0.883136102,0.228228198,0.000347444,0
1,1,0.883367605,0.22858004,0.000352956,0
1,1,0.890746504,0.240191351,0.00056609,0
1,1,0.892139929,0.242473934,0.000615424,0
1,1,0.894252664,0.245992087,0.000696476,0
1,1,0.898823003,0.253848061,0.000900164,0
1,1,0.900460762,0.256748275,0.000983548,0
1,1,0.903346805,0.261973309,0.001145304,0
1,1,0.918892323,0.292916667,0.002430538,0
1,1,0.927172704,0.311652672,0.003506487,0
1,1,0.931517192,0.322230953,0.004222029,0
1,1,0.93532447,0.331976362,0.004953813,0
1,1,0.946314652,0.363008481,0.007777418,0
1,1,0.948653612,0.370256945,0.008551285,0
1,1,0.958919295,0.405437556,0.012974456,0
1,1,0.96173536,0.416227642,0.01456595,0
1,1,0.964843879,0.428832278,0.016573765,0
1,1,0.979015371,0.499094417,0.03102415,0
1,1,0.979036344,0.499219688,0.031055327,0
1,1,0.982613908,0.521933964,0.037062815,0
1,1,0.983475894,0.52785913,0.038749955,0
1,1,0.985551377,0.543001297,0.043299789,0
1,1,0.990504506,0.585898305,0.058211895,0
1,1,0.995008758,0.639826872,0.081933965,0
1,1,0.995127803,0.64160295,0.08282446,0
1,1,0.996288381,0.660507067,0.092790288,0
1,1,0.996416161,0.662798347,0.094061281,0
1,1,0.997440972,0.683289988,0.106082869,0
1,1,0.997468543,0.683905022,0.106462719,0
1,1,0.998959561,0.726397829,0.135770112,0
1,1,0.999272113,0.739701109,0.146353755,0
1,1,0.999469536,0.750027313,0.155109958,0
1,1,0.999787697,0.773681635,0.177193476,0
1,1,0.999966785,0.802488185,0.208700625,0
1,1,0.99999371,0.816011797,0.225677099,0
1,1,1,0.851910212,0.280045703,5.76E-05
1,1,1,0.89695653,0.375085388,0.003248115
1,1,1,0.938595509,0.505430615,0.022692444
1,1,1,0.974953938,0.688721071,0.102729821
1,1,1,0.975370251,0.691559084,0.104691412
1,1,1,1,1,0.999983818
