0.368956802,1.204603505,0,1
0.494972105,0.694409991,0,1
0.010396386,0.259095364,0,1
-0.184222467,0.522742121,0,1
1.010428856,-0.752458647,1,0
1.07829386,1.012465427,1,1
-0.288961753,0.464987937,0,1
0.596467455,-0.344463762,0,1
-0.199774158,0.070856511,0,0
0.486298457,0.346874542,0,1
0.81592363,0.001822019,1,1
0.411523765,1.377913416,0,1
0.152978914,0.504890943,0,1
1.173031729,0.704471232,1,1
-0.086517246,-0.20068024,1,0
1.106789078,-0.169970471,0,1
1.188711312,-0.022246525,0,1
0.125201394,0.244368284,1,0
0.198522646,0.222989369,0,0
0.168087701,0.092086125,1,1
-0.210319788,-0.176916907,1,1
0.42479623,0.594989715,1,0
1.085150988,-0.298302348,1,1
1.508738262,0.446633281,0,1
0.081620207,0.702466018,1,1
0.998204994,0.726849909,0,0
0.514812607,0.668035165,0,0
-0.118404449,-0.241252608,0,0
1.159167272,0.655687753,1,1
-0.062156263,1.468749101,0,0
0.774908284,0.063993161,1,1
0.703548102,-0.049987852,1,1
-0.243885977,0.848324044,0,1
0.463526114,0.635537203,1,1
0.226844018,0.21024237,1,1
0.085379261,0.678856726,1,0
1.088168228,0.16447949,1,0
0.187622334,0.207413738,0,0
0.122633424,1.128530758,0,0
0.992229992,0.87278573,1,0
0.489779105,0.219278441,1,0
0.642260833,1.477872467,1,1
1.243206614,-0.099548995,0,1
0.671539257,0.628929897,0,0
0.534376247,0.545759534,0,0
0.448296334,1.10035604,0,0
-0.061018077,1.118567619,1,0
0.678248446,0.563295089,0,1
-0.277996885,0.075864997,0,1
0.522687091,-0.825255492,0,0
0.149990346,0.194660475,1,1
1.222258592,-0.466492085,1,0
0.317469898,1.222104279,1,0
0.500190777,0.993243432,0,0
0.765146433,0.092035819,0,0
1.151784137,0.884427634,0,0
0.847103146,0.32372261,1,1
0.464045616,0.312211715,1,0
0.362263368,0.734662639,0,0
-0.145381534,-0.255663642,1,1
0.783804664,0.926530902,1,0
0.599937156,1.75793003,0,1
0.57582957,-0.110837197,1,0
-0.8955004,0.918190395,0,0
-0.245399029,0.130621651,1,0
1.51461777,0.600403795,0,0
-0.086333789,0.209682324,0,0
0.527766339,0.279559338,0,0
0.744871595,0.198314676,0,0
0.402072887,0.213262131,0,0
1.031477561,0.194843228,0,1
1.371221389,0.077738561,1,1
0.614574113,1.036804332,0,0
0.605833668,0.760160474,0,1
0.881105902,0.170735288,1,0
0.14720019,0.767032449,0,1
-0.083584815,0.097527998,1,0
0.197527656,0.806790576,0,1
0.890788752,0.231207003,1,0
0.099185151,0.876722004,1,0
0.67262085,0.833564023,1,1
-0.094356875,0.807499573,1,1
1.645227253,1.802303346,0,1
-0.066370132,0.151196329,0,0
0.543957212,0.329664758,1,0
2.406545043,0.825578149,1,0
0.9968828,0.085537264,0,1
0.683367115,0.030875396,1,1
0.668311623,0.49159777,0,1
0.704441156,0.02225549,0,0
1.356104266,0.636635947,0,1
0.429137848,0.263781561,1,1
0.474167408,1.091359546,0,1
-0.486814078,0.608884217,0,0
0.854175677,0.228892361,0,0
0.683300343,0.595997327,1,1
0.102208997,0.329954514,1,0
0.144786794,0.038929422,0,0
0.066103024,-0.610781363,0,0
0.027798904,0.211963416,1,1
1.669469601,0.893424553,1,0
0.948725074,0.472434224,0,0
0.339039365,1.198683175,0,1
0.255186187,0.884014133,0,0
1.177503444,2.221189092,1,0
1.187195088,-0.391329967,1,1
0.406654279,0.46346363,1,0
0.391325833,0.603926281,0,1
-0.197122165,1.63442318,1,0
0.084177444,-0.170112431,0,1
0.726483988,0.219780782,0,1
0.889202736,0.358360219,1,0
0.57014672,0.952512232,1,0
0.955268534,-0.621865497,0,1
1.070168367,0.133515801,0,0
0.499278204,-0.394088424,0,1
1.256740347,1.095310789,1,1
0.26043185,1.285346945,1,0
0.241136303,0.159588752,0,0
0.239304479,1.166177148,1,0
0.125228601,1.209260943,0,1
0.328583182,0.152596338,0,1
1.454495216,0.923091604,0,1
0.250132519,-0.150541841,0,1
0.803314898,-0.458341136,0,1
-0.901672258,0.599486297,0,0
0.598260425,0.387933026,1,1
0.461641042,0.887037234,1,0
0.22134544,-0.352440551,1,1
0.904496052,1.014165694,0,0
0.868148234,0.559291058,0,1
0.423340116,0.154987369,1,0
-0.092803175,0.290990679,1,1
0.119295828,0.857756247,1,0
0.39538665,0.479289125,1,1
1.322684713,0.146613845,0,1
1.110616288,-0.324035872,1,1
-0.357781246,1.141859557,0,0
0.602715372,0.209920418,1,0
0.776226113,0.507413842,1,1
0.954337934,1.077700926,0,0
1.470433085,0.664677821,1,0
0.64617746,-0.058741538,1,1
0.404135132,0.486426352,1,0
0.693643751,1.079812075,0,1
0.472243141,0.418079018,1,0
-0.710586578,0.025191532,1,1
0.357744993,0.148682274,0,0
0.881470313,-0.045316118,1,1
0.487629635,0.395111343,0,0
0.630008261,-0.332441643,1,0
0.069353879,-0.006551147,0,1
0.457419426,0.57463206,0,1
-0.930494962,-0.065004617,0,0
1.075270929,0.306571128,0,0
0.957023644,0.272594363,1,1
-0.394302036,1.482790838,1,0
-0.04147359,-0.155467647,1,0
0.048865794,0.223921099,0,0
0.852862239,1.219350618,0,0
1.451227284,1.117635515,1,0
0.544432005,-0.016741901,0,0
0.834970583,1.089645072,0,1
0.305818338,0.836253701,1,1
0.373293719,0.372856335,0,0
1.32774919,1.517134954,1,1
0.414688709,0.78841143,1,1
0.827297186,-0.113679348,1,1
-0.168792331,1.305470302,0,0
0.437665135,0.879521508,0,0
1.217233459,-0.130683787,1,1
0.037063787,1.500859396,1,0
0.002923719,0.597387475,0,1
0.335323945,0.834623143,0,1
-0.24565707,1.351006399,0,1
-0.032847611,0.881591988,0,0
0.21014867,-0.06756147,0,0
0.620247729,-0.140820187,1,1
1.030610922,0.998437555,0,0
-0.222434254,0.466696453,0,0
1.04159298,-0.291533329,1,0
0.978776077,0.878134786,0,1
0.898069899,-0.272003241,1,1
0.42697823,0.463968563,1,1
1.345404759,0.128119749,0,0
1.425969969,-0.594401699,1,0
-0.060302752,1.827686807,1,0
0.756628375,-0.619372457,0,0
-0.131100414,0.285821915,0,1
-0.357863959,1.08951623,1,1
0.207278232,0.605133798,1,1
-0.012228924,0.372923648,1,0
-0.125054921,0.31009465,1,1
0.310055062,-0.483387912,1,1
0.471144699,0.742040859,1,1
0.393589418,-0.399916287,1,1
0.558373176,0.910733572,1,0
0.935667565,0.255526083,0,1
-0.189492488,0.080837661,0,1
1.395635955,0.331707719,1,1
0.547122417,0.919777054,0,1
0.778290748,1.437212639,1,1
-0.11241164,0.039552975,1,0
-0.397728824,0.719600929,1,1
0.55408472,0.990002263,1,0
0.051803736,0.086767141,1,1
0.027764243,-0.431721813,0,1
0.127383356,0.597618746,0,1
-0.139726785,1.363976088,1,1
0.854972327,0.45587634,1,1
0.734514104,0.664200586,0,1
-0.046437271,-1.018440835,1,1
-0.422263107,0.802401201,0,1
1.204121286,0.780156762,1,1
0.523157676,0.227575116,0,1
0.50997724,1.086456922,1,0
0.047578849,0.468073485,0,0
0.538478791,-0.358815235,0,0
1.035865054,0.107379911,1,0
0.596166232,0.907413187,1,1
0.570737784,0.211879188,1,0
0.097619902,0.46167351,1,0
1.24130588,1.37865142,0,1
1.314796047,-0.065603707,1,0
1.014759859,0.975604861,1,1
0.438167083,1.210271351,1,0
0.163908387,0.699588779,0,0
0.551217497,0.37402397,1,1
0.385677371,0.224691487,1,1
0.813476783,-0.293179951,0,0
0.135219114,0.170919237,0,1
0.378355366,0.534229886,0,1
1.178902142,0.318919549,1,1
0.507539695,0.801775056,1,1
0.408143821,-0.361834509,0,0
-0.532545431,0.983668811,0,1
-0.059639734,0.383260959,0,0
-0.302319967,0.91123597,0,1
0.387966635,0.638230175,0,1
0.076351052,0.955448732,1,0
-0.717081534,0.35937675,1,1
0.794727737,0.583745167,0,0
1.036811805,1.074909557,0,1
0.754254373,0.62492266,1,0
-0.443182789,0.898702747,0,0
0.56079592,-0.131310747,0,1
0.75262437,-0.612306598,0,1
0.002860168,0.58284188,0,1
0.876417064,1.031050918,0,0
0.254498063,1.394552949,1,0
-1.192856142,0.478421409,0,1
-0.123327387,0.459995151,1,1
0.209644512,-0.439048596,0,0
0.692735474,-0.450122902,1,0
0.1527705,-0.414821948,0,1
1.22562211,1.1652212,0,0
0.53785597,-0.25734671,0,0
-1.465975751,-0.416845665,0,0
0.415022134,1.031762733,0,0
-0.379270574,1.127667488,0,0
0.74788892,1.203134109,0,1
-0.090810816,0.893619645,0,1
0.366915588,0.114887554,1,1
0.459044533,0.456278346,0,0
0.671111423,0.395219103,1,0
-0.103428743,-0.180254332,0,0
0.75671565,-0.096826415,1,1
-0.491295895,2.030478585,0,0
0.260178206,0.160780239,1,0
0.358780312,0.853819674,1,1
0.425671414,0.591217237,0,1
-0.300150592,1.0715289,1,0
0.072490288,0.554939913,0,1
0.749221936,0.551611327,1,0
0.81045565,0.841058005,0,1
0.683458996,1.039743321,0,1
1.048918256,0.672777732,1,1
0.888018915,0.44626404,1,1
0.792821623,0.970199509,1,0
-0.07655074,0.753883622,1,1
0.146676795,1.211803198,1,0
1.050937212,1.184144301,0,0
-0.670558781,-0.01207479,1,1
0.850992008,-0.686017928,0,0
0.179617169,-0.344613323,0,1
-0.022386161,-0.070739224,0,1
0.422806316,0.379858765,1,1
1.669750218,0.045159323,1,0
1.333325491,0.128274413,0,1
0.190203488,0.263416638,1,0
0.308218721,0.308271573,0,1
-0.02182363,0.957981018,0,1
0.314039432,0.022086814,1,1
0.709182869,0.305298029,1,1
1.145796428,0.032059571,0,0
0.297142912,0.71395636,0,1
-0.240508771,0.484141675,0,1
1.56192674,1.443400263,1,1
1.259137912,0.779418359,1,1
0.316962641,0.75306102,1,0
0.704886124,-0.039943068,1,0
0.74143653,1.235326206,1,0
-0.296249802,0.587683014,1,1
0.302755648,0.735020805,1,0
0.260926713,-0.129532323,0,1
0.249754349,0.746403313,1,1
0.153618393,0.273983373,1,0
0.126517328,0.577733093,1,1
-0.345959583,0.883501064,1,0
0.448577438,0.029051145,1,0
-0.447264594,0.490043801,0,0
0.086367958,0.437194072,1,1
0.443153818,0.453327784,0,0
0.658693768,0.332868392,1,1
0.944753419,-0.120844485,1,0
0.072203871,0.439318543,1,1
0.611647375,0.154419579,1,1
-0.068230642,1.473383273,1,1
1.233322463,0.351093767,0,0
0.71245864,0.624501453,1,1
1.335204316,0.860319655,1,1
0.095619186,-0.000104795,1,1
1.007882065,0.87633469,0,0
0.811415581,1.261507482,0,1
0.849517987,-0.373914373,0,0
0.505707223,0.387216256,1,0
0.667580016,0.179487793,1,1
1.183539617,1.377533063,0,0
0.863926164,0.865768077,1,1
0.195006809,-0.10904763,0,1
0.168053406,1.913204784,0,0
0.446330682,0.083319401,0,0
-0.039211883,1.324597261,1,0
0.54871879,-0.22965002,1,1
1.216079453,0.823721817,1,1
0.421413437,-0.103933911,1,1
0.942102201,0.404933828,0,0
-0.296169533,0.331498506,1,0
1.458851976,0.738543577,1,0
0.929360171,0.452891536,1,0
1.173307227,0.582743182,1,0
0.245641839,-0.142878607,0,1
-0.261266162,0.053968494,0,0
0.399198411,0.455277687,1,0
0.920961073,0.291956845,1,0
-0.32751725,-0.248182779,0,0
-0.036153642,1.814536101,1,1
0.644473239,0.692651249,1,1
0.1542351,0.582990636,0,1
1.113896034,0.621626426,1,1
-0.034500275,0.38263408,0,0
0.030535634,0.890424447,1,1
-0.121875622,0.946372968,1,0
0.634007779,0.274250549,1,0
0.392511273,-0.182572717,1,0
0.323582911,0.23911124,0,0
0.417760043,0.589552533,0,1
0.288565933,1.243030476,1,1
0.205586829,1.204183112,0,0
0.65932955,1.555031429,1,0
0.232804829,-0.533623161,1,1
1.311677869,0.487390215,1,0
0.644530991,0.566703832,0,0
1.421836112,0.998980122,1,0
0.939191132,0.426181388,1,0
0.687375996,1.12824078,0,1
-0.215302677,-0.285101414,0,1
-0.007671808,1.78212402,0,1
0.285851998,0.379254308,0,1
0.880121852,-0.268106746,1,1
1.209216102,0.333857213,0,1
0.619414659,0.310716179,0,1
0.201431601,-0.082126007,0,0
1.630664535,-0.188210481,1,0
0.520252793,-0.138762622,0,1
0.641076871,0.58622716,0,1
0.022310518,-0.143328683,1,1
0.125268322,-0.086489707,0,0
0.327468189,-0.434254635,0,1
0.931571676,0.664545668,1,0
-0.464833648,-0.03368735,1,0
0.288626942,0.390564402,0,0
0.522342522,0.888217232,0,0
0.452326527,0.896371646,1,0
0.097260905,0.23610607,1,1
-0.570007698,-0.021816994,1,1
0.486058658,1.264635507,1,0
1.045036599,0.609572293,0,1
0.813333808,0.245389745,1,0
0.343198068,0.755157922,1,0
0.85957429,0.688746516,1,1
0.791910831,1.014504412,0,1
0.134222824,0.455881783,1,0
-0.108837141,0.133770809,0,1
0.557887913,-0.121415247,1,0
0.395550627,0.175036009,0,0
0.972775431,-0.457087184,0,0
0.64873863,-0.060192624,1,0
0.695605352,0.484321898,0,1
-0.269306963,0.051717575,1,1
-0.121156049,1.822821672,0,1
0.503655265,-0.280298653,0,0
0.134661292,0.480092653,1,0
0.351737311,-0.134619578,1,0
-0.18645431,0.350162444,1,1
-0.043780937,0.039665516,0,0
0.469771411,1.371997035,1,0
0.4357515,-0.295578635,0,0
0.725040054,0.904941447,1,0
0.934997429,-0.070577994,1,1
1.630351705,-0.274051305,1,1
0.17796038,1.035863297,1,1
0.256952221,0.085717308,1,1
-0.046303652,1.570921025,1,1
0.467109209,1.311466313,1,1
0.371425061,0.727027076,0,1
0.46708133,0.464208525,1,0
1.179036323,0.603446691,0,1
0.622819544,0.109324201,1,0
1.032969136,0.088849898,0,1
0.48357246,0.910407738,1,0
1.079845586,1.788383712,1,0
0.364360501,-0.124778783,1,1
0.529510552,1.117975553,1,1
0.453774477,0.241135688,1,0
1.675815618,0.331567115,0,0
0.387966414,0.370256739,1,0
0.913487717,-0.097949434,1,0
0.721332437,0.209314599,0,0
0.377052153,1.224736208,1,1
1.231929564,0.614000755,1,0
0.802998649,0.556882346,1,0
0.73821455,0.327420471,1,0
1.012480295,1.155556806,0,0
0.676421414,0.504098656,1,0
0.411725463,0.207455583,1,1
0.437872973,0.45281506,1,0
0.868775902,0.094544354,1,0
0.196436207,0.391305417,1,0
0.927431255,0.507933966,1,1
-1.037407514,0.666711026,1,1
0.519590625,0.331157558,0,1
0.932510177,0.30755827,0,1
0.847317018,0.007614174,1,1
0.332644841,0.322669402,1,1
0.400661234,1.193722561,0,1
1.362606628,0.754830521,1,1
0.87668678,0.255160894,1,1
0.456288939,1.047388673,1,1
0.427252681,0.101018218,1,0
0.702371995,0.811500095,1,0
0.852031833,0.285907563,0,1
0.484533119,2.023042504,0,0
-0.172745516,0.176458333,0,1
0.869571512,0.345510436,0,1
0.288233035,0.558080052,0,0
0.090450058,0.364361803,0,0
1.044177684,0.778288624,0,0
1.24737632,0.126488678,1,0
1.580969892,0.877813024,1,1
0.612445247,0.31386781,0,0
-0.149130062,0.760721937,1,1
0.524032068,-0.01935301,1,1
0.737494414,0.500606487,0,1
-0.09649745,0.276729076,0,1
0.662510355,0.810610491,1,0
0.540159355,0.814639053,1,1
-0.329548711,0.695686032,0,0
-0.128995644,0.250621624,1,1
0.732122017,1.00128727,0,0
1.015388386,-0.197447741,0,0
0.220962018,0.485875043,1,0
0.038762453,0.725387596,1,0
-0.312185562,0.821439342,1,1
0.176131799,0.061907143,1,1
0.561179159,0.432236459,1,0
1.065578631,0.226770283,0,0
-0.021279702,0.017692307,0,1
-0.201923771,0.376934466,0,1
0.369456685,0.085480818,1,1
0.443926228,0.108580534,0,0
0.055599816,-0.705482113,1,0
0.592459783,0.965686122,0,0
0.678445345,-0.383566606,0,1
0.633701036,0.880694681,0,1
1.014711551,0.176243151,1,0
-0.279684341,0.467750442,1,1
1.348741739,-0.055734777,1,1
0.600343744,0.485139608,1,1
0.873013701,0.004144839,1,1
0.411895339,1.075344174,0,1
0.737949822,0.327933442,1,0
0.734226335,0.880419369,0,0
-0.153641372,1.938798757,1,0
0.919286386,0.081499723,1,1
0.027179399,0.841143903,1,1
1.22954189,0.259185527,1,1
0.13275619,-0.114135316,1,0
-0.098687423,1.319284246,1,0
0.140194064,0.470658514,1,0
0.661191436,0.522579199,1,1
0.874684679,0.537585415,0,0
0.13995608,0.960587928,0,0
-0.153383691,0.111373882,0,1
0.754453957,1.113668014,1,0
0.508851473,0.878086801,0,1
0.285756012,0.587672943,0,1
0.456217571,0.58848953,1,1
0.10061047,0.231135348,1,1
-0.182283164,0.659234837,0,1
0.16384454,0.52664323,1,0
0.590693042,1.402988689,1,0
0.348783887,0.742773174,1,1
0.043144424,0.282298715,0,0
0.391812669,0.07346991,1,1
0.885061447,0.428077919,1,0
0.392444788,1.841441749,0,1
-0.034577447,1.024645423,1,1
0.215755126,0.888593922,1,1
1.084996645,1.455540068,0,0
0.031728082,0.010364278,0,1
0.798190759,0.064529132,0,0
1.199515636,0.730870271,1,0
-0.213946917,-0.00631144,0,1
0.870846665,1.011498291,0,0
0.320739409,0.479598151,0,0
0.226127378,0.169136956,1,1
0.887743149,1.321911344,1,0
0.935766627,0.585917473,1,0
-0.449451165,0.438341776,0,0
0.61911794,0.553731483,1,1
0.425685457,0.175748484,0,0
0.530905836,0.247915538,0,1
-0.012838912,0.935757943,0,1
0.507064135,1.152615408,1,1
0.729770624,0.151196565,0,0
0.385941235,-0.643671635,0,1
-0.100057751,-0.124069575,0,1
-0.268786561,0.4396,0,1
1.026218836,0.272073394,1,0
0.675731655,0.454422482,1,0
0.208014146,0.223384904,0,0
0.964653693,-0.299896714,1,1
1.163347691,0.77657663,0,1
0.538300811,0.418341644,0,1
0.592361503,1.378237477,1,1
0.040150906,-0.547426561,0,1
1.323288085,-0.025500755,1,0
0.582015504,0.943218631,0,0
0.180123885,0.412015913,1,1
0.077924736,0.474503471,1,0
1.396691648,0.294279503,0,1
0.19529969,1.299157756,1,1
0.176589073,-0.606245351,0,1
0.445997438,0.628282264,1,1
-0.125403109,0.079471931,1,0
0.861784413,-0.037406006,0,0
0.042041722,1.343184785,1,0
0.3826211,1.310764115,0,0
1.708178911,-0.648397555,0,0
1.077905093,-0.852007598,0,1
0.660080887,1.148219794,0,1
-0.216213444,0.531034197,1,0
0.255252161,0.634436273,1,0
0.073215803,0.486625368,0,0
0.925936152,0.592882345,0,0
0.395788609,0.623828284,0,0
0.847635314,0.632155987,0,1
0.150155493,0.007816245,1,0
0.491621349,0.359857573,0,0
-0.325684674,0.67623907,0,0
0.565918673,0.416903144,0,0
-0.320597943,-0.097595961,0,0
0.492341863,0.935094479,1,0
0.718811187,1.180839913,1,1
0.155149543,0.978566257,0,1
1.190846023,1.067322741,1,1
0.782687739,1.112029006,1,0
-0.101809516,0.409757927,1,0
0.881933817,0.258004051,0,1
0.282780086,-0.226655778,1,0
0.199380448,0.530980109,1,1
0.524365048,0.610125973,1,1
0.900857282,0.232188513,1,0
0.126259929,0.40814896,0,0
0.762053084,-0.14699117,0,0
0.794971901,0.373709167,0,1
0.159388506,0.254664412,1,1
-0.174322385,0.83336816,0,1
0.337215356,0.368312181,1,0
0.836324954,1.954439782,1,0
1.131211015,1.119826056,1,0
0.489815984,-0.499478454,1,1
0.064864877,0.086463011,1,0
1.223390023,0.606672682,1,0
1.266426901,0.72078294,1,0
-0.746964225,0.25610353,0,0
0.417065579,-0.009705368,0,1
0.720206713,1.072437367,1,1
0.336853642,1.34128066,1,1
0.009101427,0.33477417,0,1
0.564471265,0.3063416,1,1
0.672518124,0.393163095,1,1
0.417408616,0.709148669,1,0
1.299068815,0.807132544,1,1
1.149271843,0.863598357,1,1
0.822845183,1.229706853,1,0
0.098283871,0.773576029,0,1
0.825245661,0.432228918,0,1
-0.106964278,-0.375841894,1,1
0.040139078,0.17677369,0,1
1.166923549,0.07432724,1,1
0.387270999,-0.396362563,0,0
0.683912125,0.403929099,0,0
0.969190862,0.822920662,0,1
1.176082762,0.621563893,0,0
-0.052163569,0.074590885,0,0
0.755008103,-0.468480066,1,1
0.639937146,0.410162518,0,0
-0.325520561,0.633989021,1,0
-0.005131904,1.719173102,1,0
1.110205861,0.740019233,1,0
0.982495543,0.392931041,1,1
0.706329291,0.229458467,1,1
1.040464258,0.582157712,1,1
0.086157674,0.316696287,0,1
-0.315900268,-0.70413921,0,0
0.241512759,0.581859839,0,1
1.489383262,0.358217571,0,1
0.771493404,-0.174520567,0,0
1.155781561,0.586936939,1,1
-0.343405666,0.794358426,1,1
1.672992096,-0.121562371,1,1
0.587956254,0.535254209,0,1
1.167181006,0.973756552,0,0
1.28427155,0.180742999,1,1
1.567798287,0.669320529,0,0
0.355686004,0.194042337,1,0
1.279545372,0.327470005,1,1
1.172109447,-0.042037656,1,1
0.063375552,0.69229505,0,1
-0.157752207,0.673340634,0,1
2.07477248,0.576850349,0,0
0.841170245,0.507494422,1,0
0.708902884,0.039897443,1,1
1.402769576,1.394154728,1,1
0.519194518,0.295765393,1,0
1.361306615,-0.005951835,1,0
0.401602561,-0.142561408,1,0
0.729901969,0.269412252,0,0
0.856936748,-0.220869754,0,1
0.208099662,0.566251908,1,1
0.764431111,0.433556638,1,1
0.538033076,-0.275320822,0,0
1.226203236,0.625705567,1,1
0.311912688,0.581164027,0,1
1.146964305,-0.592570056,1,1
2.079764619,0.032642318,0,1
0.131045265,0.874197773,1,1
0.358902918,1.644757142,1,0
-0.228487514,0.08693878,0,0
0.724358096,0.532243449,1,1
0.049035059,1.400338634,0,0
1.059414761,0.457110106,1,1
-0.559997474,-0.463463495,0,1
0.595976351,0.726567732,0,1
0.508063757,0.000704985,0,0
0.068768328,1.321379034,1,1
0.674236518,-0.067806851,0,0
0.585153095,0.585073689,0,0
0.46295552,0.847388482,0,0
0.179432105,0.957303698,1,0
0.536779902,-0.036643777,0,0
1.081834343,0.191450298,0,0
0.267561739,1.497768959,1,1
-0.092621915,0.095954048,0,1
1.028382555,-0.039365196,1,1
1.266918972,0.659309406,0,0
0.932149147,0.983459892,1,0
-0.809399017,0.818112054,1,1
1.552032715,0.098983339,0,1
0.548647824,-0.103297338,1,1
0.094861243,0.445163175,0,0
0.201000152,0.011127053,1,0
0.530405729,0.275495211,1,0
0.30989764,0.19562808,1,1
0.148416135,0.74898856,1,1
1.12460778,0.133274749,0,1
1.237559729,0.609337889,1,0
-0.020946348,0.403888247,1,0
0.008824398,0.208814456,0,0
-0.568160788,0.791373266,1,1
0.876595234,0.307431124,0,0
0.214681785,1.250512968,1,1
0.821775943,1.21008691,1,1
1.273038075,0.948770718,1,1
0.800737918,1.076139609,1,1
0.54890701,0.532171626,1,1
-0.254467941,0.81914988,0,0
0.082523543,1.005534735,1,1
1.374080336,-0.271767237,1,1
0.491640502,0.52553966,1,0
1.234711519,0.476739511,0,0
-0.028098791,0.438194957,1,0
0.775006524,0.385253179,1,0
1.220223153,1.431042684,1,1
-0.114993263,0.237531456,0,0
0.604447436,0.755351953,0,0
0.149669134,0.154501762,0,0
1.12319572,1.12898144,1,1
0.605731435,0.625505588,0,0
1.007046935,0.689982197,1,1
0.187126754,0.921988686,0,0
-0.073411296,0.346469896,1,1
-0.097356731,0.866440723,0,1
0.16386877,1.046747738,0,1
0.553697547,1.091683004,0,0
0.443780618,0.197853667,1,0
-0.344437022,1.362698883,0,0
-0.114659889,0.065421846,1,1
-0.07947025,0.639877654,1,0
-0.427002031,1.13715003,1,0
0.791966299,0.230353324,1,0
-0.370278464,0.576175652,0,0
0.346016465,-0.068895603,1,1
0.331652212,0.894847773,0,1
0.335468615,-0.294511898,0,1
1.310633309,0.899250879,0,0
0.509273319,1.123794711,1,1
-0.651217755,0.374963044,1,1
0.676275041,1.131136369,0,0
0.184385295,0.736511385,1,0
1.132443482,1.028263709,1,0
-0.550194391,-0.0157824,1,1
1.474452392,-0.371565513,0,0
0.058469838,1.027897787,0,0
0.48650957,1.078643616,0,0
0.454860813,1.189290173,0,0
0.271525026,0.789265459,0,1
0.368035858,0.483223078,0,0
0.131063214,1.221448025,0,1
0.130033422,0.269170844,0,0
-0.383778453,0.307020212,1,1
0.78122058,0.418556243,0,1
-0.217400734,0.637645948,0,0
1.638562156,0.215114848,0,0
0.353247578,0.631304213,0,0
0.562918681,-0.191341579,0,0
0.309572029,0.864590057,0,1
0.995982452,0.282084632,0,0
0.612182266,0.562651205,1,0
-0.558993261,0.080134548,1,0
0.380262674,0.593781717,0,0
0.091486173,2.118128509,0,0
0.83657198,1.280389788,0,0
0.114956223,-0.062234876,0,0
0.305912242,-0.563679825,1,1
0.440192544,-0.197738972,0,1
1.261468992,0.530107121,1,0
0.200887894,0.972538493,1,0
0.317427683,-0.068240306,0,1
1.237167301,0.266985863,0,0
0.850536228,0.570466139,1,1
0.54618275,0.489368645,0,0
0.854658477,0.717280948,1,1
0.723202319,0.548648483,0,0
0.495615816,0.481389816,0,0
1.249318029,0.876130576,1,0
0.442454282,0.050954395,1,0
1.159907518,0.686370139,0,0
0.081317457,0.092915297,1,0
0.062301474,0.330702514,1,1
1.150575033,0.641911533,0,0
0.453873355,0.2369774,0,0
0.579041205,0.295113356,0,1
0.106130781,1.327827701,0,0
-0.118166482,-0.01163605,1,0
1.444391111,1.268807918,1,0
0.72384645,0.24597241,0,1
-0.589221483,0.656876859,1,1
-0.193507833,1.54306883,0,0
-0.245061487,-0.317722662,1,0
-0.091724477,0.723565188,0,1
0.544186081,0.291838957,0,0
-0.003595783,0.813463374,1,1
-0.2346575,0.092137025,0,0
-0.068224579,1.482564834,0,0
0.550924073,0.075748065,1,0
0.758524375,-0.031713556,1,1
1.01944623,0.757726804,0,0
0.156228243,1.766296225,0,1
-0.136098986,0.472089234,1,1
0.595754634,1.073137302,1,0
0.75293911,0.661913994,0,1
0.652997702,-0.324322775,1,0
0.018378543,0.257056001,1,0
0.532463094,0.946823563,0,1
0.88051234,0.682088654,0,1
0.77212672,-0.01043533,1,0
-0.243354775,-0.142924091,0,0
0.878021329,-0.04223136,0,0
0.64006723,0.125767352,0,1
0.559142056,-0.42125393,0,1
0.765518895,0.986815817,1,0
1.364986049,-0.054828938,1,0
0.441913962,0.20551134,0,1
0.912386852,1.334239919,0,0
0.230328921,1.16340019,0,1
0.552912828,-0.533495107,1,1
0.302464961,1.226627742,0,1
0.372508018,1.25082242,1,0
0.417498311,-0.000100831,0,0
0.718173195,0.37393681,1,0
0.379117259,-0.516538187,0,1
-0.098524648,1.080123486,1,0
-0.036616648,0.441650507,0,1
0.953931244,-0.066288387,0,0
0.628941952,-0.174386777,0,1
0.082348599,1.00190301,1,1
0.537987742,0.770109234,1,0
-0.080139814,0.535998144,0,1
0.982560087,-0.351001543,0,0
0.511266241,0.595358408,0,0
1.201440311,1.04017018,1,1
0.024863365,0.271302069,0,1
-0.072040643,0.408244595,0,0
0.511378794,-0.432459808,1,0
-0.073873411,0.905573641,0,1
0.318129932,-0.045877311,1,1
0.473834129,-0.043803479,1,1
0.881253642,0.820056186,0,0
1.096963533,0.187236668,1,0
0.391100452,1.052697092,1,1
0.533397694,0.740624823,1,1
0.737026314,0.241273324,0,1
0.578014571,0.319974791,0,0
0.907448268,-0.129124841,0,1
0.496023238,1.135416009,0,0
0.53571105,0.45992509,0,0
0.78519886,0.733307732,0,0
0.859542077,0.401229442,1,1
0.648396213,0.993739832,0,0
0.026501636,0.415180667,1,0
-0.031743447,0.101949168,0,1
0.467009038,0.37286101,1,0
0.351466774,-0.020309509,1,1
1.011299465,0.770859692,0,1
0.825935318,0.977166541,0,1
0.037213897,-0.208596112,1,0
-0.058421913,-0.508326672,1,1
1.125438819,-0.515128826,1,0
0.147524086,0.064501373,1,1
0.462815456,0.735703347,1,1
0.282802307,0.147098521,1,0
0.365612006,1.317478883,1,1
1.550594804,0.604516804,0,0
0.576367275,-0.128287414,1,1
0.183786324,-0.290567176,1,0
0.470876171,0.050095015,1,0
0.540446634,0.164333216,1,1
0.565680747,0.833449667,0,1
1.105697235,1.395609657,1,0
0.439884117,1.095442941,1,0
-0.111286506,0.260579626,1,1
0.74767112,0.347753875,1,1
0.479679974,0.565693515,0,0
0.989369818,1.003062242,0,0
0.535909026,0.148951786,1,0
0.674771987,-0.612617751,0,1
0.246503984,0.60081352,0,0
1.398799785,0.142475842,1,0
0.631399621,0.308846922,0,1
1.14915687,0.539485848,1,0
-0.017367422,1.178837352,1,1
0.896829015,0.139276966,1,1
0.446758787,0.069683916,0,0
0.615750086,-0.177274002,1,1
1.347941952,1.51317853,1,0
0.031727484,-0.209427264,0,1
0.728684691,0.291329581,0,0
0.905646363,1.120011786,1,0
0.534309571,0.943823544,1,1
0.284603055,0.7391993,0,0
0.651260181,-0.307787094,1,0
0.441409252,0.581982601,0,0
-0.107550039,0.22569038,1,1
0.321952885,0.355770409,1,1
0.037215117,0.137023027,0,1
0.193881118,0.494076449,0,0
1.108087906,0.558611545,1,0
0.328435183,0.772751449,1,0
1.347405134,0.395885885,0,1
1.033181761,0.429321097,0,1
-0.104696013,0.086098121,0,1
1.188311304,0.034657424,1,1
0.50179777,0.088005074,0,1
-0.274272337,0.062865653,1,1
0.500725884,1.104163256,0,0
0.220461027,0.220148177,0,1
0.88517496,0.79880133,1,1
0.637808296,0.474436316,0,0
1.104756636,0.333393636,0,0
-0.165260788,0.402400989,0,0
0.117484092,-0.490275145,1,1
0.541061034,0.010008733,1,1
0.197615072,-0.153354298,0,1
0.361404474,0.234603359,0,0
0.484298705,-0.40421024,1,1
-0.347791245,0.56827419,1,0
0.705889924,1.212559098,0,1
0.00386383,0.196383366,0,0
-0.121969044,0.308981776,0,0
0.909478449,-0.1475071,0,1
-0.12747859,0.416439619,0,1
0.320516966,0.714221653,0,1
0.169339477,0.60531736,0,1
-1.126004361,1.151897827,0,1
0.649236749,0.922098109,0,0
0.529904484,1.016090022,1,1
0.439935773,0.686508732,1,0
0.805218919,0.380372132,0,0
0.394480881,0.915897974,0,1
0.027056954,-0.378031688,0,1
0.258441136,-0.795639658,1,1
0.919929043,0.619006843,0,0
-0.062404868,0.626645896,1,1
0.402459793,0.395493373,0,0
0.707509904,0.816005543,0,0
0.892830639,1.386068584,1,1
-0.435054066,-0.222769807,1,0
0.088396746,0.295930802,0,1
0.522150109,0.004203812,0,1
0.492700873,0.253286531,0,0
0.675542576,0.647165788,0,1
0.430651448,0.885190532,0,0
0.130679526,1.486981455,0,1
-0.099640495,0.718505767,0,0
-0.202866637,0.135802988,0,1
-0.40694253,0.931308845,1,1
0.811424795,1.28823892,1,0
0.351518927,1.341941826,1,1
0.729013001,-0.281511123,1,1
0.385002713,0.248899049,0,0
1.272725147,0.411478313,0,1
0.608692523,0.716322978,0,0
1.171387909,0.793014293,0,1
1.120523341,0.371119446,0,1
0.081726902,-0.145601199,0,1
1.678557149,0.971423101,0,0
0.554332975,0.577738825,0,1
0.466261609,-0.239915911,0,0
0.673810454,1.290370965,1,0
0.181960961,0.768799275,0,1
-0.200739596,0.604742076,0,0
0.3309875,1.058699729,1,0
0.293554877,0.237551426,0,1
0.754689165,-0.473214351,1,1
-0.433583357,0.005598832,1,0
0.938895395,1.994920255,1,0
0.316817106,0.529052164,0,0
1.462867551,1.240587438,1,0
0.039724528,0.685006938,1,0
0.759037373,0.773295221,0,1
0.256905767,0.344699959,0,0
0.18402309,0.889544612,1,1
0.49067156,0.762210228,1,1
0.394782266,0.907224733,0,0
0.709209709,0.607379809,0,0
-0.005915063,1.185583512,0,0
0.260215222,0.441502294,1,1
0.752686955,0.114775633,1,1
0.735402023,-0.170027497,0,1
0.415384616,0.152757107,1,1
0.769456538,1.11722321,1,0
0.553086314,0.654147336,0,1
0.119806455,0.668492957,0,1
0.963304479,-0.351784863,0,0
0.873429584,1.232202252,1,0
0.184488952,-0.267356123,1,1
-0.016103731,0.067074014,1,1
0.008334848,0.757001233,1,0
0.235469623,0.256530704,0,0
0.728216391,0.550134157,1,0
0.465064223,0.636195103,0,1
0.573435801,1.185359415,0,0
0.477600646,0.871469369,0,0
0.952529921,0.542637168,0,1
0.226593336,1.348072118,1,1
0.779141307,0.344456461,0,1
0.831875474,1.272632882,1,0
0.350468597,1.155854223,0,0
0.605094824,0.31306997,0,1
0.163958144,0.772178287,1,1
0.11770156,-0.323874733,0,0
0.534797713,0.806469865,0,1
-0.27890858,0.595846537,1,1
0.135705223,0.032032441,0,1
0.561247317,-0.223087902,0,1
0.437635579,0.31681678,0,1
0.539026213,0.667993079,0,1
0.748075267,-0.390806677,0,0
-0.184681096,0.188097511,1,0
0.576975569,0.985190895,1,0
1.134285088,0.133691745,1,0
1.033773481,0.11620867,1,0
1.367777259,0.55366279,0,0
1.113232289,0.617348169,0,0
0.953795042,0.487755812,1,0
0.19036155,0.799282476,1,1
0.35910673,0.853690768,1,1
0.530770054,0.92340074,1,0
0.72498056,0.467871493,0,1
0.670965153,0.649584544,0,0
0.302154503,0.710125601,0,0
0.261408929,1.298810604,0,1
0.341258995,0.626445281,1,1
-0.368906085,0.660960443,0,1
0.699658291,0.06134389,0,1
1.168652827,0.155570541,0,1
0.904597203,0.12626319,0,0
0.169773925,0.041080767,0,1
0.477622417,0.903562582,1,1
0.766318465,0.444104724,0,0
1.200812312,-0.098063111,1,0
0.044557114,0.914376132,1,0
0.902430254,1.646743354,0,0
1.527738717,0.431973693,0,1
0.181127631,-0.716469865,1,1
1.017394657,-0.106600781,1,0
-0.071383894,0.993615438,0,1
-0.330022593,0.622446621,0,1
-0.129054092,0.115385343,1,1
1.306996785,-0.109855245,0,1
-0.044536788,0.922083664,1,0
0.577878381,0.670162751,1,0
1.883592064,0.423647405,1,1
0.575107639,0.183815821,1,0
1.367419334,0.805789433,0,0
0.831351158,-0.032135463,1,0
0.913745419,0.352786956,0,0
0.730311851,-0.421926972,0,0
0.00291803,0.233259861,1,1
0.290726619,0.159019775,1,1
0.909748469,0.620159615,0,0
0.329670202,0.742853672,1,0
-0.492334279,0.062898383,1,0
1.43172008,-0.276669978,0,1
-0.103074062,-0.249874456,0,1
1.023298062,0.636339198,1,0
0.988513493,0.74032868,0,1
-0.237080435,0.655511442,1,0
-0.253603119,0.468543438,0,1
0.537173957,0.026439706,1,0
0.447023577,-0.597472047,0,1
0.592360547,0.115021253,1,0
0.337426955,0.568305177,0,0
0.141436437,1.016499942,0,0
1.43401068,0.005314703,1,1
0.872256188,0.343688102,0,1
0.015310538,0.388717417,0,0
0.34860983,1.286440954,1,0
0.872970088,0.945940146,1,0
0.017489929,-0.663012762,1,1
0.298679063,0.990273202,0,0
0.190489142,1.269159154,0,1
0.95357222,0.838651278,1,0
0.801710207,-0.088425875,0,0
0.21354557,-0.01188684,1,0
1.066500679,0.618153019,0,1
-0.235622014,0.95241522,0,0
0.169534289,0.675375941,0,0
0.624638525,0.252507725,0,0
-0.297813425,-1.008420664,0,1
0.688660432,0.784818443,0,1
0.021606181,0.801679927,0,0
0.688891711,0.208456424,1,0
1.395011404,-0.177131545,1,0
-0.142509036,0.49412577,1,1
1.030763543,0.152210722,1,0
-0.455692336,0.091565284,1,0
0.094554693,0.504063791,1,1
0.103379841,0.221488018,0,0
0.508481089,0.300377821,1,0
-0.028461995,0.263366328,0,1
0.330840986,0.473417863,1,1
1.108495378,0.130584511,1,0
0.203393085,1.002091225,0,0
1.052810668,1.265031875,0,1
0.389581974,0.046777897,1,0
0.082275354,0.919750602,1,1
0.622547988,0.540625877,0,0
1.254223878,0.227160048,0,1
0.155989771,0.515909527,0,1
0.687572511,1.730187915,0,1
0.709283833,0.463485623,1,0
0.156000032,0.269682776,0,1
-0.207592223,1.320420118,1,0
1.114465094,1.258108046,0,1
0.88871282,0.633053512,0,1
1.142192987,0.374523047,0,1
0.845580983,0.006163647,1,1
-0.06270141,0.736761446,1,0
0.466900505,-0.857007966,0,1
1.45265014,0.235042706,1,1
0.232085047,-0.052266345,1,0
0.397028003,1.367089437,0,0
0.426885176,1.158060757,1,0
-0.163730588,-0.642188017,0,0
0.598279385,0.200126596,0,0
0.675459669,0.963971293,0,0
0.835618987,0.972511408,0,0
1.368488551,0.563241923,0,0
0.250842807,0.05933046,0,1
1.162496804,0.470910985,0,1
1.148403013,0.292828508,0,1
0.296442893,0.00610051,1,0
0.771893308,0.842271096,0,1
0.033998683,0.136477667,0,1
0.612821481,-0.867602612,0,0
0.100109646,-0.019483355,0,0
1.438682016,-0.294553281,1,1
1.200217273,1.178593273,1,0
1.014362994,0.658582456,1,1
-0.683652916,0.388492518,0,0
0.007535688,0.617619375,1,1
1.14652509,0.935971143,1,0
0.16467113,1.054001381,0,1
0.400620616,1.326135541,1,1
-0.272222972,1.019250072,0,0
0.189780079,0.507198764,0,0
0.423545515,-1.003689026,0,1
0.128393852,-0.556746807,1,0
0.606236946,0.167937148,0,0
0.252340717,0.66678951,1,1
0.954574451,0.708810073,1,1
0.738001754,0.385930672,0,1
0.447772756,0.35481757,0,1
1.629854902,0.293507299,0,1
0.581157752,0.529814085,1,1
-0.837047609,-0.183912853,1,1
1.086285988,0.291424638,1,0
1.170957367,0.467128713,1,1
0.095407146,0.480392776,0,0
0.347132633,1.253273836,0,0
0.137542922,0.366367848,1,0
0.795971098,0.381373402,0,1
0.246674044,1.026721116,0,1
0.249950724,0.109580715,0,1
0.286684481,-0.203598195,0,1
0.376044242,0.686362827,1,1
0.464614183,-0.206671863,1,0
0.569725018,0.110780889,1,1
0.673092684,1.53410485,1,0
1.05256043,0.096782865,0,0
0.730341787,-0.010953839,0,0
0.654235144,0.739770465,1,1
0.875167414,0.582257481,0,1
1.082034845,0.08582349,1,0
0.128411433,0.513990905,1,0
0.036395374,-0.314000464,0,0
0.474662012,-0.294390759,1,1
0.138020948,1.308258054,1,1
0.111788332,0.716958756,1,0
0.372355777,0.785312852,1,0
0.591020628,0.972737162,1,0
0.384709324,0.434978825,1,1
0.733994718,0.520601687,0,1
1.05092189,0.63428879,1,1
1.293547773,0.42760894,1,1
-0.217452878,-0.183770715,0,1
0.934306665,-0.314941921,0,1
0.404318068,-0.489491716,1,0
0.915823774,0.061532646,0,0
0.76414496,1.182477805,0,1
0.718359857,0.7431598,1,1
0.13655029,0.617650677,0,1
1.313693526,0.411813488,1,1
0.121643412,0.654354593,1,0
-0.038053046,0.79978654,1,0
0.553570155,0.413248656,0,1
0.50584939,-0.737188399,0,1
0.292487766,0.788687923,0,0
0.347001276,0.545602288,1,0
1.019203171,0.792898406,1,1
0.062731157,-0.176591123,0,0
0.458615029,0.389753061,1,1
0.814904684,-0.172581478,0,1
0.683339716,1.372139215,0,0
0.028592203,1.523898832,1,0
0.361894867,1.443714861,0,0
0.942752109,-0.458752789,1,1
0.11111753,0.601332198,1,1
1.079208555,0.818406131,0,1
-0.314892057,0.39088317,1,1
0.712665058,1.288771082,1,0
-0.056843915,-0.280703328,1,1
0.025619161,0.981365399,1,0
0.519541524,1.273206072,1,0
0.688368829,0.330366393,1,1
0.859676308,-0.166453018,0,0
0.671974041,-0.220593575,1,1
0.780569548,-0.318828858,1,0
0.421225381,0.393615273,0,1
0.514369046,1.101600684,0,1
-0.098363557,0.120396374,0,0
0.415419723,0.181624529,1,0
0.181250456,0.297019298,0,0
0.227876205,0.926601196,0,1
0.138828362,0.418574096,0,1
0.196409618,0.158032431,1,1
0.94532473,-0.421147929,1,1
0.857343383,0.403778935,1,1
1.387804315,0.579896754,1,0
0.402663986,0.136812897,0,1
-0.043621629,0.399996041,0,1
-0.034967405,0.608544026,1,0
0.290556534,-0.284531077,1,0
0.854492753,0.19004883,1,0
0.989661676,0.618839536,0,0
0.851162545,-0.336817052,0,0
0.320079429,0.565037399,0,0
0.655723935,0.704799136,1,0
-0.413071224,1.298389651,1,0
-0.000639633,0.971275973,0,1
-0.253866976,0.108611068,0,1
1.725852743,-0.205051246,0,0
1.078470542,0.888703633,0,1
0.621321362,-0.083433947,0,0
0.588354777,0.252927028,1,0
0.156259313,0.492984143,0,0
-0.247784714,0.756044158,0,0
-0.331687729,-0.06429281,1,0
0.492543797,0.843964842,1,1
1.032124961,0.792034257,0,1
0.388016735,0.473816178,0,1
-0.086167918,0.502588668,1,0
0.475874893,0.053960349,1,1
0.877028527,0.146094964,0,0
1.396354947,0.145615167,1,1
1.15605693,1.250146701,0,1
0.0898782,1.665961036,1,0
-0.147421289,0.01271279,0,0
0.591212109,0.430474805,1,1
0.527511148,0.280955622,1,0
0.60679514,0.161851819,1,0
0.554692067,0.107575755,1,1
0.771444174,0.42165022,0,0
-0.597994005,-0.319257306,0,0
0.282092367,0.258953248,0,0
0.73724199,0.80755721,0,0
-0.385859833,1.368695905,0,0
-0.115587915,0.680541075,1,0
-0.716512306,0.220764077,1,0
0.277021175,0.398439294,1,1
0.198815291,0.883370703,0,1
-0.298619239,0.865231523,0,1
0.729046339,1.44863574,0,1
0.818418507,0.618176084,0,0
0.450558108,0.176626751,0,1
-0.599101968,0.226804896,1,1
-0.510215686,1.386344805,1,1
0.534385876,1.070349424,0,1
0.422280454,0.817739219,1,0
0.259702113,0.925728847,0,0
-0.36077725,0.40572053,1,0
0.858942172,0.047205565,0,0
0.457535332,0.176248093,0,0
1.804075776,0.621252107,1,1
0.558857586,0.284355293,1,1
0.439978009,0.325842173,0,0
0.469250213,0.017877251,0,0
0.387309933,1.037085949,0,0
0.327080053,0.414831837,1,0
1.156784605,0.647434783,1,1
1.117773397,1.129619342,1,1
0.714836749,0.539133155,1,1
0.066077969,1.097098289,0,0
0.05095974,0.665889933,0,1
0.751267328,-0.265327303,0,1
0.210056941,0.278842214,0,0
1.126548354,-0.094480404,0,0
0.345509866,0.565063742,0,1
-0.384068687,0.566859467,0,0
-0.041168929,0.626275295,1,1
0.839999695,0.557948869,0,1
0.341888198,0.13517806,1,1
0.558567977,0.217317941,1,1
0.962475409,-0.307671546,0,0
0.977766685,0.645225034,0,1
0.025192248,0.745129197,0,1
0.813057401,-0.155520919,1,0
0.527426112,-0.194053734,0,1
0.353176605,-0.377099137,1,0
0.032034628,-0.004895148,1,0
0.730082429,0.198944864,1,0
1.3774015,-0.348131416,0,0
-0.480528841,1.026987035,1,0
0.153496517,0.817960229,0,0
0.356883511,0.279451459,0,0
0.524725256,0.405677329,1,1
0.479880259,0.800305132,1,0
0.328859703,0.113115268,0,1
0.344323528,0.698957885,1,0
1.054053579,0.344224638,1,0
0.148857165,1.569524853,1,0
0.877775324,-0.124539386,1,1
0.683091142,1.036097922,1,1
1.33064769,0.852404023,0,1
1.397393032,0.263379376,0,0
1.586668794,0.027198213,0,0
1.282887055,0.926584357,0,1
0.72107275,0.063061718,0,0
0.815429214,-0.169990061,0,0
-0.292892037,0.817782987,0,0
0.18069736,0.554240313,0,1
0.018282076,1.219325127,0,0
1.011252808,1.242437904,0,1
0.659744579,0.137959782,0,0
0.011542481,0.361408488,0,1
1.047990759,0.592656255,1,0
0.299707042,-0.136340989,1,0
0.749963272,0.736792983,0,0
0.41849318,1.018699725,1,0
-0.137410511,0.891933907,0,0
0.242339291,-0.164880419,1,1
0.608610276,0.663152762,0,0
0.798748071,0.510465461,0,1
1.081078933,0.297942857,0,1
0.61604673,0.496437492,0,0
0.279910657,0.445879433,0,1
0.444222258,0.444515591,1,1
0.481349598,0.359563058,1,1
0.364765713,-0.312773663,0,1
0.521809812,0.621854302,0,0
0.587049648,-0.230206038,1,0
0.1160115,-0.077088616,1,1
0.549345369,-0.045971974,1,1
0.37892367,0.73734055,1,0
1.087827726,-0.008927417,1,0
0.353137786,1.362490156,1,0
0.418834385,0.735436563,0,1
1.116242181,-0.20713469,0,0
0.962860141,0.405385282,1,0
0.233383345,-0.49997821,0,0
0.013624583,0.378539136,1,1
-0.537499392,0.204088524,0,1
1.016132129,0.261910402,0,1
1.204983026,0.905350918,0,0
0.092178932,0.384352897,1,0
-0.008839387,-0.160000644,0,0
0.149332066,0.234710452,0,0
0.678760315,1.051132045,1,0
0.409948697,0.459315715,1,0
-0.387387183,0.745620523,1,1
0.768441357,-0.121358322,0,0
0.216867801,0.522836583,1,1
0.857610682,1.06440405,0,0
0.216630353,0.670108476,0,0
0.723325078,0.772680037,0,1
0.436851193,0.531709906,1,0
-0.027989196,0.108067872,0,0
0.157619138,0.099467685,0,0
0.255855201,0.942399644,1,0
0.656306345,-0.071253275,0,1
0.627550921,0.990412965,1,0
0.662663707,0.809255349,0,0
-0.773476168,1.347628256,0,0
1.370538724,1.184594604,0,0
0.186254435,0.333104642,0,0
1.396064344,1.066676083,1,1
1.648039193,-0.138719643,1,1
0.50148132,1.174002469,1,1
0.248101351,0.256435488,0,1
-0.272212923,-0.065231112,0,1
0.263412624,-0.033080558,0,0
0.975818301,0.976008942,1,1
0.378848445,0.679426995,1,0
1.438644721,-0.678402325,1,1
0.08352278,0.74111639,0,0
0.815342525,0.713188867,1,0
1.473563214,1.631556955,0,1
0.890086541,0.358798261,1,0
0.622068229,0.44014704,0,1
0.979929019,0.157539721,0,0
0.114637407,-0.06884484,1,1
0.444846267,-0.220111839,0,1
0.073492194,0.388425344,0,1
-0.29847792,0.538017293,1,1
1.268895039,1.061077504,1,0
0.455145894,0.513034269,1,1
0.908541384,0.999917034,1,1
-0.189365344,0.62868756,1,1
0.103736339,0.134550734,0,1
1.652040229,0.280020816,1,1
0.478471145,0.389017146,0,0
1.055428561,0.174602129,0,0
1.097034499,0.253247133,0,0
0.900345796,0.41725499,0,0
0.750084854,-0.246514416,0,0
0.915467406,0.037995554,1,1
0.550859489,0.483534659,0,0
0.381868254,0.579900387,1,1
0.612320132,0.982303222,0,1
0.469677458,-0.082547444,1,1
-0.102512039,0.438773577,1,0
0.981754614,0.427695917,1,1
0.678122542,-0.358492283,0,0
-0.086734755,0.755119617,1,1
0.780167038,0.177495773,1,0
0.497725766,0.658378324,1,0
0.363535184,-0.175409686,1,1
0.957606474,1.547492224,1,0
0.407258083,0.030537123,1,0
0.895646934,0.704732388,1,1
0.102394821,0.717787078,0,1
0.315921065,0.37379495,1,0
0.93047169,-0.066415792,0,0
0.426725396,0.510331657,1,0
-0.441211175,-0.019972008,1,0
0.466536075,0.532861414,0,0
0.520557952,0.156657179,0,0
0.358771153,1.058371156,0,0
0.093898927,0.733706393,0,1
0.826991802,1.167524875,1,0
0.933296084,0.303850862,0,1
0.062716434,0.863559592,1,1
0.130410602,0.228581914,0,0
0.111102203,0.925724602,0,0
-0.311608767,-0.501363956,1,1
0.942153887,0.092769022,0,0
0.531638555,0.44825512,0,0
1.681972416,0.887706335,0,0
1.345680377,1.008448943,0,0
0.659881603,0.572774548,1,1
0.066874402,-0.215566769,0,1
0.837814957,0.540852081,1,1
0.443260219,0.426039614,1,0
1.179906232,0.567046056,0,1
0.879886245,0.683261422,1,1
0.648807019,-0.54794363,0,0
-0.126526869,0.586409826,0,1
-0.073393349,0.988935413,0,1
0.799590189,1.440745818,1,1
0.394926739,0.83584329,1,1
0.636836358,0.045248868,1,0
-0.274817422,-0.16590321,0,1
-0.098624859,0.562459294,0,1
1.054863771,0.774060195,1,1
-0.350768832,0.865306999,1,0
1.154930952,1.593213785,0,1
0.748074952,1.540034159,0,1
0.78313808,0.392519861,0,1
0.352575115,1.2301228,0,1
0.197729043,0.900262792,1,0
0.283601921,0.393244971,1,0
0.373466594,0.439758992,1,0
0.910464348,0.675508251,1,0
0.40603226,0.367169429,1,1
0.093381986,0.619268084,1,1
0.971931796,1.138221947,0,1
-0.079668881,-0.684297697,1,1
-0.012997516,0.713070767,0,1
0.813655991,0.334152513,0,1
1.222990811,-0.56939271,0,1
-0.313198845,-0.130066632,0,0
-0.138870627,0.607379616,1,0
0.349758189,0.581880282,0,1
0.756756196,-0.150396393,1,0
0.644773645,1.429474058,1,0
0.518697883,-0.52911434,1,1
0.531898255,0.392053269,0,0
1.33972905,0.809542223,0,1
0.688075795,-0.160605831,1,1
0.596791983,0.089349784,1,0
0.237142702,0.233515153,1,1
0.756468156,0.797094547,1,0
0.019918762,1.105651118,1,0
-0.010756955,0.856913554,1,1
0.50658831,0.725439528,1,0
0.19690858,0.720112193,1,1
0.421129521,0.208247087,0,1
-0.208810889,0.070989371,1,1
0.737643758,0.686474104,0,0
-0.019300919,0.665734518,0,0
-0.262230918,0.184211119,0,0
0.377547029,1.211108731,1,0
0.774681273,0.783148927,0,0
1.087445949,0.349293109,1,1
1.737678313,0.348392523,1,0
0.304789029,-0.009874315,1,0
-0.026908859,1.579410134,0,1
0.936842104,0.043577848,0,0
0.739165946,1.344535935,0,1
0.020679773,1.294858551,0,0
1.560790773,0.321453929,0,0
0.580257441,0.160680656,0,0
0.560846511,0.200144457,1,0
1.078246335,0.564289152,1,1
-0.150920706,0.280073424,0,0
-0.193228132,0.398762245,1,1
0.149802365,0.629218579,1,1
1.40126703,0.102787398,1,1
-0.084426538,-0.239508907,0,1
0.694483549,0.170954085,1,1
0.362144148,0.188443099,0,0
0.198832176,2.139325743,0,0
0.947613173,1.365898822,0,1
0.301810577,-0.11867464,0,0
0.873949091,0.077666798,1,1
0.406116071,0.091844209,1,1
0.799057931,-0.436434819,0,1
0.728682886,0.717845741,1,0
-0.14471737,-0.028103456,0,0
-0.351406105,1.404607334,1,1
-0.044003489,0.267618939,1,0
1.13452797,0.168922684,1,1
0.078683779,0.048514863,0,0
0.306735411,0.976967059,0,1
0.220559063,0.810476245,1,0
-0.084211453,-0.277746798,1,1
0.019966022,1.519962688,0,0
1.145781756,-0.598675714,1,0
-0.001112681,0.790245146,1,0
0.481837227,0.48058597,0,0
0.613693,-0.346768698,0,1
-0.363472537,1.66295306,0,0
1.079846019,1.024182541,0,1
1.165651615,-0.168591609,1,0
0.075519467,0.507035427,1,1
-0.325408146,0.859316535,0,1
0.514539153,0.481980129,1,1
-0.149687155,-0.056099879,0,0
1.182982582,0.758347694,1,0
-0.327275948,0.179321904,0,1
0.463346174,0.168136039,0,0
0.71352379,0.091579624,1,1
0.712951313,1.294742752,0,1
0.58320614,0.693887119,1,0
-0.188653758,0.774875573,1,1
-0.087491481,1.229416705,0,0
-0.268289187,0.436968882,1,0
0.72704731,0.529509156,1,1
0.339521551,-0.079124116,0,1
1.739403005,-0.147911898,1,1
0.881256026,0.030328733,1,1
-0.006981916,-0.06414458,1,1
-0.000702479,0.300811216,1,0
0.573936981,1.326039124,0,1
0.006006257,0.511746804,1,0
0.532335918,0.233819914,0,0
0.486019026,0.388017126,0,1
1.069986765,-0.245270603,0,1
0.758624776,1.230775812,0,0
0.064532115,0.511262063,1,0
0.229828479,0.38552188,1,1
0.261871596,1.082780919,0,0
0.253061678,1.083808421,1,0
0.657985801,1.324525089,0,0
-0.464862739,0.205590654,1,1
1.198807382,0.546905088,1,0
0.739612648,0.333143542,0,1
0.907464313,-0.468737044,0,1
0.219777501,-0.092598707,1,1
0.177873456,1.164998571,1,1
0.347779152,0.060230255,0,0
0.516614416,0.450888479,1,1
0.454551061,0.164278698,0,0
0.488749651,0.563558342,0,0
-0.074238789,-0.150707005,0,1
0.253070797,0.253403677,1,0
0.087408932,0.427869584,0,0
0.024920318,0.049305259,0,0
1.481226674,-0.466325906,1,0
0.131747962,-0.116207188,0,1
0.402137169,-0.48069118,0,0
0.190555713,0.320168194,0,1
0.27971591,0.896730964,1,1
0.120309564,0.466397248,1,0
0.213396613,0.694983999,0,1
1.331959481,0.498959561,0,1
1.623827313,0.916741373,1,1
0.899648897,0.111613546,1,0
0.858825843,1.110532706,1,0
1.490046207,0.166602699,0,0
0.276361685,0.225354594,0,1
1.570859319,0.315890359,0,1
-0.127365615,0.440596816,1,1
-0.46423114,0.944897916,0,0
0.327296366,-0.080517559,1,1
1.302103676,0.801168109,0,1
0.909749931,0.145971807,1,0
0.438021299,-0.096641148,0,1
0.802670484,0.65839851,1,0
-0.252904723,0.652403993,0,0
1.109460379,0.237767716,1,0
0.721255073,0.856388526,1,0
0.081540459,0.990577907,1,0
-0.527805442,0.79787224,0,1
0.937315942,-0.071227657,0,0
1.244362197,0.029198446,0,0
0.589416931,-0.284433772,0,0
1.162381918,1.218326022,1,0
1.140268651,0.669383878,0,1
0.583214853,1.430156741,1,0
0.613774475,0.951605069,0,0
0.884508706,0.046268599,1,1
-0.385226923,-0.245011075,1,0
-0.213356369,0.460789431,0,1
0.58899043,0.044457856,1,1
0.577212585,0.22445329,1,0
0.151731714,0.676001312,1,0
1.318005004,0.080963003,0,1
0.188579911,0.316724041,0,1
0.904735042,1.276325444,0,1
0.229834457,0.046980483,1,0
0.270721791,0.757114978,1,0
0.422780447,-0.179597732,0,0
0.070068672,0.629557577,1,0
0.728516873,0.542592822,1,1
0.97770876,0.475926841,1,0
0.928149477,0.538546958,1,0
0.434997507,0.11045891,0,1
0.44915337,0.221659261,0,0
0.410100885,0.403705618,1,1
0.945603273,-0.249690299,0,0
0.701935022,0.297309091,1,0
0.23449735,0.633178356,0,1
1.360192166,0.676450041,0,1
0.848534504,0.5464949,0,0
-0.438507437,0.406831926,1,1
0.408426691,1.207059118,0,0
-0.479293158,0.591421734,1,1
0.318961083,0.36638839,1,1
0.779203016,0.10078844,0,0
0.240215076,0.104239445,0,1
0.737087699,0.83324475,0,1
1.04964181,0.173529116,1,1
-0.104520884,0.215302757,0,1
0.545054789,1.003345464,1,1
0.504933228,0.252983226,0,1
1.093413204,0.420814779,1,0
0.47593087,0.378218933,0,1
-0.006099893,0.543415121,0,1
0.486194676,0.064957143,1,0
0.878881043,0.387823409,0,0
0.41756947,0.269577586,0,0
0.322451607,0.508186382,0,0
0.740812508,1.490481026,0,0
0.561286053,0.762168108,1,0
-0.668697058,0.222268183,1,0
1.147724909,1.117996398,1,1
0.44534088,0.690021309,1,0
0.213022162,-0.337346907,1,0
1.439885705,0.352135851,0,0
0.781134454,0.357299301,0,0
-0.047227006,0.439718364,0,1
0.306338831,1.266701993,0,0
1.19554962,-0.165185972,1,0
1.015420541,0.685400718,1,0
-0.081513708,0.277911645,0,0
0.222860269,0.339828284,1,1
1.140024537,0.647489452,0,1
-0.236179979,0.403490145,1,1
1.106731052,0.189075436,1,0
-0.171321233,0.411537027,0,0
0.537834507,0.180756278,0,0
-0.522740444,0.734287311,1,1
0.903489536,-0.907812316,1,1
0.008886473,1.200272645,0,1
-0.314118686,1.26988266,0,0
0.371638337,0.384916344,1,1
0.166857653,0.884305332,1,1
-0.442966349,0.792872498,1,0
-0.009219716,0.395700942,0,1
0.137792524,-0.366907961,0,0
0.356668986,1.564936077,0,1
1.304974984,0.662161881,0,0
0.182279124,0.462143719,0,0
1.101446074,0.709483474,0,1
0.754880007,0.12873029,1,1
1.308746573,1.457964926,1,0
0.569522423,1.294302732,0,0
-0.537301578,0.244035208,1,0
0.194060582,-0.034478634,0,0
-0.393597712,-0.212112823,0,0
0.77765316,0.525373229,1,0
0.309586412,-0.095476523,0,1
0.126031841,0.656895494,0,0
0.362485312,0.371387361,1,1
0.692530172,0.037800199,0,0
0.990019778,1.404264711,0,1
0.116846498,1.244382096,1,0
0.237380673,-0.223647852,1,0
0.436556047,0.60593397,0,1
-0.408030306,1.172470187,0,0
0.311679579,0.678784827,1,0
0.14338728,0.323931982,0,1
0.241046927,0.755677977,0,0
0.760851755,0.65578195,0,0
0.260034639,0.286047681,1,1
0.723488079,1.041911737,1,0
0.18611647,0.170073899,1,1
0.906082512,0.365988028,1,1
0.69349109,1.174670948,0,0
0.089756846,0.525055649,1,1
-0.670822076,0.433316851,0,0
-0.081486574,0.940965998,0,1
0.156696545,0.618894067,0,1
0.96932303,0.650996273,0,1
0.237540007,1.045331836,0,1
0.771522072,0.513635425,0,0
0.064218802,-0.441481893,0,1
1.010770427,-0.120368365,1,0
0.386523684,0.47676792,0,1
0.534466012,0.412101172,1,1
1.011601265,-0.455843496,0,0
0.000245478,0.380763874,0,0
0.383750733,0.245342652,1,0
0.294212166,0.727083735,1,0
-0.348778079,0.195948585,0,0
0.760293283,-0.38926354,1,0
0.036791789,0.814558893,0,1
0.822193292,0.083418195,1,1
0.452103131,0.699346539,0,1
-0.123288612,0.635253877,0,1
0.722025224,-0.293039104,1,1
0.457854008,1.161222761,1,1
1.920271018,0.132264635,1,1
-0.119051873,-0.027741857,0,1
0.409381378,0.829516246,1,0
-0.162451172,-0.136562239,0,1
0.482753088,0.072999162,0,1
1.349821668,-0.016572824,1,0
-0.151274414,0.133327408,1,0
0.088608957,-0.238142111,0,1
1.034958771,0.85495933,1,0
0.620623661,0.642882591,0,0
0.966333637,0.113231372,1,1
0.949832345,0.35565953,1,1
0.221094402,-0.032959983,0,0
0.386505202,1.376748648,1,0
1.55147292,0.459923608,0,1
-0.211548305,-0.362530995,0,0
0.414743785,0.350850913,1,0
0.607016831,-0.035518898,1,0
0.849091316,0.597627182,0,1
1.223216789,0.573347138,1,0
0.759742024,0.659015435,0,0
0.731169926,-0.420415715,1,1
-0.874348075,0.038060038,0,1
1.000998425,0.908613285,1,1
0.313381759,0.783417037,1,1
0.774833553,0.439612337,0,0
-0.147255914,0.601632079,1,1
0.927401187,0.081352511,0,1
0.689130104,1.080496152,1,1
0.389925505,0.133151959,0,1
0.646772892,1.568360518,1,1
0.145054659,0.430200291,1,0
0.489708551,0.043964492,0,1
1.925379125,0.832127985,0,0
-0.356327546,1.22451849,1,1
0.714357955,0.59420414,1,1
-0.090071828,-0.356925664,0,0
1.106026443,0.386360449,1,1
0.329152444,0.159321417,1,0
0.386200107,0.940665808,1,0
0.025692689,0.478268652,0,0
0.347170496,0.252375177,1,1
1.371791209,1.286109546,0,0
0.492443443,1.510987207,0,1
1.302295225,0.099054204,0,0
0.874083394,1.174694803,1,0
0.425036797,0.377588489,0,1
-0.118797207,0.374962758,1,0
0.794943685,0.682526156,1,0
0.559744815,1.065580354,1,1
0.376679947,0.350929875,1,0
0.37308221,0.816796868,0,0
0.610771608,0.533006674,0,1
-0.044262856,0.770540969,0,1
0.253094807,0.177848255,0,0
0.198245455,1.10838288,1,1
-0.573059468,0.133066374,1,1
1.191442953,1.240896905,1,1
0.881328545,0.530225711,0,0
-0.187498462,0.759265809,0,1
-0.080419279,0.775171192,1,0
0.754751291,0.5553534,1,0
0.540178669,0.176674248,0,0
1.031707248,0.147320691,0,0
-0.674154633,-0.441618755,0,1
0.189663312,1.589432221,0,0
1.169318717,0.707230313,0,1
-0.840105573,0.351840646,0,0
0.917561872,0.159637045,0,0
0.362055121,0.737259928,1,0
-0.070272311,0.099861502,1,1
1.153905728,0.278428077,1,0
0.507847729,0.540346342,0,1
0.167329012,-0.17560039,1,0
-0.242406568,0.246437325,1,1
-0.164957548,0.717027958,1,0
0.239939249,0.596049564,1,1
-0.078905563,0.838741707,0,0
0.535000736,0.530128412,0,1
0.978281258,0.101272606,0,1
1.170405307,0.690780147,1,1
0.383047071,0.268732231,0,1
0.571471726,0.700248267,1,0
0.506549131,0.347953548,0,0
-0.744841325,0.739889041,0,1
-0.305547088,0.444468637,0,0
0.208442353,0.876752279,0,0
0.352750661,0.424391336,0,0
-0.203215451,0.690621809,1,0
0.544558918,0.642133359,0,0
0.136256085,0.329888503,0,1
0.644262694,1.452689766,0,0
1.093008401,0.283263102,0,0
0.527514348,0.496777622,1,1
1.10360626,0.446384287,0,0
0.209096552,0.483633993,1,1
0.880188833,0.816855089,1,0
-0.540718793,-0.220054392,1,0
1.420024198,0.402959554,0,1
0.2279116,0.882113599,1,1
1.060266897,0.61290149,1,1
0.23470676,-0.871255653,0,0
0.36393057,-0.175882409,1,1
-0.215208349,-0.021338019,1,0
-0.139964794,0.683376399,0,0
0.776746772,1.800112842,1,1
-0.025068625,0.037439564,0,0
0.623167403,-0.044026557,0,0
0.323906971,0.595181214,1,1
0.420800722,0.238455009,1,0
-0.485336384,0.903639076,0,0
1.95271456,-0.007544821,1,1
0.831392347,1.063068219,0,1
0.351974483,-0.726166028,1,1
1.248147221,0.456721833,1,1
0.352658796,0.313069414,1,1
0.607576215,0.86998429,1,0
1.339325411,0.426529771,1,0
0.300512209,0.621108721,0,1
0.644607346,0.801041891,1,0
-0.053457839,0.038142846,0,1
-0.348287466,0.619467176,0,0
1.507266779,0.56316289,1,0
0.848791297,0.347203579,1,0
0.955169793,1.114710086,1,0
0.736684709,0.45419998,0,0
1.145832107,0.447193544,1,1
-0.385180046,0.463221856,1,0
1.271432369,-0.193126077,1,0
0.580296768,0.497524639,1,0
0.474905851,1.136918026,1,0
1.394649728,0.800044277,1,1
0.933161395,-0.296298839,1,1
-0.29755083,0.777595013,1,0
0.710204977,0.500281025,1,0
0.962966725,0.456138617,0,0
0.042573412,-0.140286477,1,1
0.388733616,0.533696005,0,1
0.182417163,0.150239696,1,1
-0.019522855,-0.528992421,0,1
0.868870626,0.473905275,0,0
0.7095691,0.855588119,1,0
0.23565531,1.474916708,0,0
0.885764659,-0.287100434,0,0
0.960009545,1.316300511,0,0
1.054585283,0.469947395,0,1
-0.110645078,0.306836032,1,1
0.457039937,1.204402313,1,1
0.924886226,0.056216882,1,1
0.883917125,-0.151887271,0,0
0.893189438,0.515896797,0,1
0.035775127,0.454407567,1,0
0.35226994,-0.263052198,1,1
0.550795961,1.187678035,1,0
0.378357489,-0.014375109,0,1
-0.3392747,1.117022241,1,0
0.278387812,0.680067186,0,1
0.470140152,0.869874206,1,0
0.116198517,0.57578753,0,1
0.545876595,-0.030275555,1,1
0.590962254,-0.051212384,1,1
-0.328018677,0.905980586,1,0
0.434832828,0.464351382,0,1
0.010228202,0.6849809,0,0
0.342590425,0.623077976,0,1
0.285853242,0.611727614,0,0
0.997518105,1.55887367,0,1
-0.056500843,1.846068603,0,1
0.132210933,-0.126729232,0,1
0.581564091,0.270935796,1,1
0.043531585,1.187440524,1,0
-0.57206746,0.112504736,0,1
0.119147236,1.251646089,1,1
0.468796969,0.094184692,0,0
0.924651823,0.719806973,1,0
1.071058044,0.038464823,0,0
1.229352698,0.503242324,1,1
-0.052307306,-0.290892838,0,0
0.83602669,0.602936241,1,1
0.869277699,-0.177037549,0,0
-0.135629023,1.066081259,0,0
0.638672484,0.379629524,1,0
0.885752354,0.025823928,0,1
0.276596791,1.200997016,0,0
0.25288136,1.823890157,0,1
0.938646525,0.405430081,0,1
0.750073365,0.744800839,1,1
0.911730011,0.370160353,1,1
0.170107303,0.453566999,1,1
1.001766607,-0.15189581,0,0
0.35630642,0.382316191,1,1
0.423295431,0.815039243,1,0
1.513313709,-0.445197555,1,1
-0.173166768,-0.175515596,1,0
-0.106917996,0.129807988,1,1
0.449079672,0.527936599,1,1
0.815050292,0.717443097,1,1
0.297140053,0.516757651,1,0
-0.390137162,-0.068251126,0,0
0.654086935,0.881339591,1,0
0.690851085,0.60080677,1,0
0.626140658,-0.180117397,1,0
1.15579829,0.273775122,0,1
-0.333227247,-0.452199352,1,1
1.370413942,0.560182154,1,0
1.278998374,1.158666859,0,1
0.715151794,1.006620558,0,1
0.98101565,1.492679093,1,0
0.369812435,-0.054910496,0,1
0.842926038,0.935594534,1,1
0.378252171,0.089615174,1,1
0.564027657,0.91666473,1,0
0.451415388,0.25359238,1,0
0.711848278,0.28568076,1,0
0.492279468,0.828332662,0,1
0.210959808,0.052962802,0,1
-0.461579528,0.842878194,1,1
-0.589404717,0.679447516,1,1
0.489970927,0.830681435,1,1
-0.153770373,1.121928817,1,1
-0.467696825,-0.665321828,0,0
0.206066132,0.732302799,0,1
1.015229016,0.368526759,1,1
0.122464293,0.022868891,0,0
-0.008338816,-0.052482258,0,0
0.188841782,0.662485207,0,1
0.070789089,1.475399206,1,0
1.160366782,-0.373403401,1,0
0.128280176,0.175125506,0,0
0.811785631,0.373223414,1,1
0.340170803,-0.557171495,0,0
0.977561848,-0.42048952,1,1
0.617607068,-0.39175408,0,1
0.036079315,0.764127938,1,1
0.39376301,0.011850441,1,0
0.581898864,0.896493456,1,1
0.3076557,0.535780913,0,1
0.737303352,0.593289722,1,0
0.309859627,-0.476562785,1,1
0.78829716,0.882811394,1,0
0.5639865,0.828595364,0,0
-0.336452938,0.489437597,1,1
0.581339541,0.215545437,1,1
0.730780205,0.831266552,1,0
1.275396276,0.150253249,0,0
0.412063222,-0.47694909,0,0
1.346539746,0.739448424,1,1
0.414547995,0.209056403,0,0
-0.876226607,-0.580663395,1,1
0.232749872,0.747347364,1,0
0.571436164,0.709497905,1,0
0.11708335,0.25877087,0,0
-0.119686753,0.77677025,1,1
0.365411372,-0.400633981,0,0
0.773753482,-0.089962498,0,1
1.192393637,0.436204617,1,1
0.912149769,-0.191552154,0,0
0.85427943,0.502589122,1,1
0.264593863,-0.286845154,0,0
-0.287639497,-0.117338797,1,1
1.042669707,1.193792913,0,1
0.304975085,0.702290254,0,1
1.190054339,1.200333037,1,1
0.581265341,0.465908716,0,0
0.435476225,1.000001291,1,0
0.691389988,0.234324499,1,0
-0.040955733,0.43603285,1,1
0.759977295,0.269353493,1,1
0.987512504,0.767875751,1,0
0.226780703,0.509926589,1,0
0.822875874,0.489753149,1,1
-0.098538421,0.97687795,1,1
0.941142106,0.381893135,1,0
